PassengerId,Survived,Pclass,Name,Sex,Age,SibSp,Parch,Ticket,Fare,Cabin,Embarked_Q,Embarked_S
1,0,3,"Braund, Mr. Owen Harris",0,22.0,1,0,A/5 21171,7.25,,False,True
2,1,1,"Cumings, Mrs. John Bradley (Florence Briggs Thayer)",1,38.0,1,0,PC 17599,71.2833,C85,False,False
3,1,3,"Heikkinen, Miss. Laina",1,26.0,0,0,STON/O2. 3101282,7.925,,False,True
4,1,1,"Futrelle, Mrs. Jacques Heath (Lily May Peel)",1,35.0,1,0,113803,53.1,C123,False,True
5,0,3,"Allen, Mr. William Henry",0,35.0,0,0,373450,8.05,,False,True
6,0,3,"Moran, Mr. James",0,28.0,0,0,330877,8.4583,,True,False
7,0,1,"McCarthy, Mr. Timothy J",0,54.0,0,0,17463,51.8625,E46,False,True
8,0,3,"Palsson, Master. Gosta Leonard",0,2.0,3,1,349909,21.075,,False,True
9,1,3,"Johnson, Mrs. Oscar W (Elisabeth Vilhelmina Berg)",1,27.0,0,2,347742,11.1333,,False,True
10,1,2,"Nasser, Mrs. Nicholas (Adele Achem)",1,14.0,1,0,237736,30.0708,,False,False
11,1,3,"Sandstrom, Miss. Marguerite Rut",1,4.0,1,1,PP 9549,16.7,G6,False,True
12,1,1,"Bonnell, Miss. Elizabeth",1,58.0,0,0,113783,26.55,C103,False,True
13,0,3,"Saundercock, Mr. William Henry",0,20.0,0,0,A/5. 2151,8.05,,False,True
14,0,3,"Andersson, Mr. Anders Johan",0,39.0,1,5,347082,31.275,,False,True
15,0,3,"Vestrom, Miss. Hulda Amanda Adolfina",1,14.0,0,0,350406,7.8542,,False,True
16,1,2,"Hewlett, Mrs. (Mary D Kingcome) ",1,55.0,0,0,248706,16.0,,False,True
17,0,3,"Rice, Master. Eugene",0,2.0,4,1,382652,29.125,,True,False
18,1,2,"Williams, Mr. Charles Eugene",0,28.0,0,0,244373,13.0,,False,True
19,0,3,"Vander Planke, Mrs. Julius (Emelia Maria Vandemoortele)",1,31.0,1,0,345763,18.0,,False,True
20,1,3,"Masselmani, Mrs. Fatima",1,28.0,0,0,2649,7.225,,False,False
21,0,2,"Fynney, Mr. Joseph J",0,35.0,0,0,239865,26.0,,False,True
22,1,2,"Beesley, Mr. Lawrence",0,34.0,0,0,248698,13.0,D56,False,True
23,1,3,"McGowan, Miss. Anna ""Annie""",1,15.0,0,0,330923,8.0292,,True,False
24,1,1,"Sloper, Mr. William Thompson",0,28.0,0,0,113788,35.5,A6,False,True
25,0,3,"Palsson, Miss. Torborg Danira",1,8.0,3,1,349909,21.075,,False,True
26,1,3,"Asplund, Mrs. Carl Oscar (Selma Augusta Emilia Johansson)",1,38.0,1,5,347077,31.3875,,False,True
27,0,3,"Emir, Mr. Farred Chehab",0,28.0,0,0,2631,7.225,,False,False
28,0,1,"Fortune, Mr. Charles Alexander",0,19.0,3,2,19950,263.0,C23 C25 C27,False,True
29,1,3,"O'Dwyer, Miss. Ellen ""Nellie""",1,28.0,0,0,330959,7.8792,,True,False
30,0,3,"Todoroff, Mr. Lalio",0,28.0,0,0,349216,7.8958,,False,True
31,0,1,"Uruchurtu, Don. Manuel E",0,40.0,0,0,PC 17601,27.7208,,False,False
32,1,1,"Spencer, Mrs. William Augustus (Marie Eugenie)",1,28.0,1,0,PC 17569,146.5208,B78,False,False
33,1,3,"Glynn, Miss. Mary Agatha",1,28.0,0,0,335677,7.75,,True,False
34,0,2,"Wheadon, Mr. Edward H",0,66.0,0,0,C.A. 24579,10.5,,False,True
35,0,1,"Meyer, Mr. Edgar Joseph",0,28.0,1,0,PC 17604,82.1708,,False,False
36,0,1,"Holverson, Mr. Alexander Oskar",0,42.0,1,0,113789,52.0,,False,True
37,1,3,"Mamee, Mr. Hanna",0,28.0,0,0,2677,7.2292,,False,False
38,0,3,"Cann, Mr. Ernest Charles",0,21.0,0,0,A./5. 2152,8.05,,False,True
39,0,3,"Vander Planke, Miss. Augusta Maria",1,18.0,2,0,345764,18.0,,False,True
40,1,3,"Nicola-Yarred, Miss. Jamila",1,14.0,1,0,2651,11.2417,,False,False
41,0,3,"Ahlin, Mrs. Johan (Johanna Persdotter Larsson)",1,40.0,1,0,7546,9.475,,False,True
42,0,2,"Turpin, Mrs. William John Robert (Dorothy Ann Wonnacott)",1,27.0,1,0,11668,21.0,,False,True
43,0,3,"Kraeff, Mr. Theodor",0,28.0,0,0,349253,7.8958,,False,False
44,1,2,"Laroche, Miss. Simonne Marie Anne Andree",1,3.0,1,2,SC/Paris 2123,41.5792,,False,False
45,1,3,"Devaney, Miss. Margaret Delia",1,19.0,0,0,330958,7.8792,,True,False
46,0,3,"Rogers, Mr. William John",0,28.0,0,0,S.C./A.4. 23567,8.05,,False,True
47,0,3,"Lennon, Mr. Denis",0,28.0,1,0,370371,15.5,,True,False
48,1,3,"O'Driscoll, Miss. Bridget",1,28.0,0,0,14311,7.75,,True,False
49,0,3,"Samaan, Mr. Youssef",0,28.0,2,0,2662,21.6792,,False,False
50,0,3,"Arnold-Franchi, Mrs. Josef (Josefine Franchi)",1,18.0,1,0,349237,17.8,,False,True
51,0,3,"Panula, Master. Juha Niilo",0,7.0,4,1,3101295,39.6875,,False,True
52,0,3,"Nosworthy, Mr. Richard Cater",0,21.0,0,0,A/4. 39886,7.8,,False,True
53,1,1,"Harper, Mrs. Henry Sleeper (Myna Haxtun)",1,49.0,1,0,PC 17572,76.7292,D33,False,False
54,1,2,"Faunthorpe, Mrs. Lizzie (Elizabeth Anne Wilkinson)",1,29.0,1,0,2926,26.0,,False,True
55,0,1,"Ostby, Mr. Engelhart Cornelius",0,65.0,0,1,113509,61.9792,B30,False,False
56,1,1,"Woolner, Mr. Hugh",0,28.0,0,0,19947,35.5,C52,False,True
57,1,2,"Rugg, Miss. Emily",1,21.0,0,0,C.A. 31026,10.5,,False,True
58,0,3,"Novel, Mr. Mansouer",0,28.5,0,0,2697,7.2292,,False,False
59,1,2,"West, Miss. Constance Mirium",1,5.0,1,2,C.A. 34651,27.75,,False,True
60,0,3,"Goodwin, Master. William Frederick",0,11.0,5,2,CA 2144,46.9,,False,True
61,0,3,"Sirayanian, Mr. Orsen",0,22.0,0,0,2669,7.2292,,False,False
62,1,1,"Icard, Miss. Amelie",1,38.0,0,0,113572,80.0,B28,False,True
63,0,1,"Harris, Mr. Henry Birkhardt",0,45.0,1,0,36973,83.475,C83,False,True
64,0,3,"Skoog, Master. Harald",0,4.0,3,2,347088,27.9,,False,True
65,0,1,"Stewart, Mr. Albert A",0,28.0,0,0,PC 17605,27.7208,,False,False
66,1,3,"Moubarek, Master. Gerios",0,28.0,1,1,2661,15.2458,,False,False
67,1,2,"Nye, Mrs. (Elizabeth Ramell)",1,29.0,0,0,C.A. 29395,10.5,F33,False,True
68,0,3,"Crease, Mr. Ernest James",0,19.0,0,0,S.P. 3464,8.1583,,False,True
69,1,3,"Andersson, Miss. Erna Alexandra",1,17.0,4,2,3101281,7.925,,False,True
70,0,3,"Kink, Mr. Vincenz",0,26.0,2,0,315151,8.6625,,False,True
71,0,2,"Jenkin, Mr. Stephen Curnow",0,32.0,0,0,C.A. 33111,10.5,,False,True
72,0,3,"Goodwin, Miss. Lillian Amy",1,16.0,5,2,CA 2144,46.9,,False,True
73,0,2,"Hood, Mr. Ambrose Jr",0,21.0,0,0,S.O.C. 14879,73.5,,False,True
74,0,3,"Chronopoulos, Mr. Apostolos",0,26.0,1,0,2680,14.4542,,False,False
75,1,3,"Bing, Mr. Lee",0,32.0,0,0,1601,56.4958,,False,True
76,0,3,"Moen, Mr. Sigurd Hansen",0,25.0,0,0,348123,7.65,F G73,False,True
77,0,3,"Staneff, Mr. Ivan",0,28.0,0,0,349208,7.8958,,False,True
78,0,3,"Moutal, Mr. Rahamin Haim",0,28.0,0,0,374746,8.05,,False,True
79,1,2,"Caldwell, Master. Alden Gates",0,0.83,0,2,248738,29.0,,False,True
80,1,3,"Dowdell, Miss. Elizabeth",1,30.0,0,0,364516,12.475,,False,True
81,0,3,"Waelens, Mr. Achille",0,22.0,0,0,345767,9.0,,False,True
82,1,3,"Sheerlinck, Mr. Jan Baptist",0,29.0,0,0,345779,9.5,,False,True
83,1,3,"McDermott, Miss. Brigdet Delia",1,28.0,0,0,330932,7.7875,,True,False
84,0,1,"Carrau, Mr. Francisco M",0,28.0,0,0,113059,47.1,,False,True
85,1,2,"Ilett, Miss. Bertha",1,17.0,0,0,SO/C 14885,10.5,,False,True
86,1,3,"Backstrom, Mrs. Karl Alfred (Maria Mathilda Gustafsson)",1,33.0,3,0,3101278,15.85,,False,True
87,0,3,"Ford, Mr. William Neal",0,16.0,1,3,W./C. 6608,34.375,,False,True
88,0,3,"Slocovski, Mr. Selman Francis",0,28.0,0,0,SOTON/OQ 392086,8.05,,False,True
89,1,1,"Fortune, Miss. Mabel Helen",1,23.0,3,2,19950,263.0,C23 C25 C27,False,True
90,0,3,"Celotti, Mr. Francesco",0,24.0,0,0,343275,8.05,,False,True
91,0,3,"Christmann, Mr. Emil",0,29.0,0,0,343276,8.05,,False,True
92,0,3,"Andreasson, Mr. Paul Edvin",0,20.0,0,0,347466,7.8542,,False,True
93,0,1,"Chaffee, Mr. Herbert Fuller",0,46.0,1,0,W.E.P. 5734,61.175,E31,False,True
94,0,3,"Dean, Mr. Bertram Frank",0,26.0,1,2,C.A. 2315,20.575,,False,True
95,0,3,"Coxon, Mr. Daniel",0,59.0,0,0,364500,7.25,,False,True
96,0,3,"Shorney, Mr. Charles Joseph",0,28.0,0,0,374910,8.05,,False,True
97,0,1,"Goldschmidt, Mr. George B",0,71.0,0,0,PC 17754,34.6542,A5,False,False
98,1,1,"Greenfield, Mr. William Bertram",0,23.0,0,1,PC 17759,63.3583,D10 D12,False,False
99,1,2,"Doling, Mrs. John T (Ada Julia Bone)",1,34.0,0,1,231919,23.0,,False,True
100,0,2,"Kantor, Mr. Sinai",0,34.0,1,0,244367,26.0,,False,True
101,0,3,"Petranec, Miss. Matilda",1,28.0,0,0,349245,7.8958,,False,True
102,0,3,"Petroff, Mr. Pastcho (""Pentcho"")",0,28.0,0,0,349215,7.8958,,False,True
103,0,1,"White, Mr. Richard Frasar",0,21.0,0,1,35281,77.2875,D26,False,True
104,0,3,"Johansson, Mr. Gustaf Joel",0,33.0,0,0,7540,8.6542,,False,True
105,0,3,"Gustafsson, Mr. Anders Vilhelm",0,37.0,2,0,3101276,7.925,,False,True
106,0,3,"Mionoff, Mr. Stoytcho",0,28.0,0,0,349207,7.8958,,False,True
107,1,3,"Salkjelsvik, Miss. Anna Kristine",1,21.0,0,0,343120,7.65,,False,True
108,1,3,"Moss, Mr. Albert Johan",0,28.0,0,0,312991,7.775,,False,True
109,0,3,"Rekic, Mr. Tido",0,38.0,0,0,349249,7.8958,,False,True
110,1,3,"Moran, Miss. Bertha",1,28.0,1,0,371110,24.15,,True,False
111,0,1,"Porter, Mr. Walter Chamberlain",0,47.0,0,0,110465,52.0,C110,False,True
112,0,3,"Zabour, Miss. Hileni",1,14.5,1,0,2665,14.4542,,False,False
113,0,3,"Barton, Mr. David John",0,22.0,0,0,324669,8.05,,False,True
114,0,3,"Jussila, Miss. Katriina",1,20.0,1,0,4136,9.825,,False,True
115,0,3,"Attalah, Miss. Malake",1,17.0,0,0,2627,14.4583,,False,False
116,0,3,"Pekoniemi, Mr. Edvard",0,21.0,0,0,STON/O 2. 3101294,7.925,,False,True
117,0,3,"Connors, Mr. Patrick",0,70.5,0,0,370369,7.75,,True,False
118,0,2,"Turpin, Mr. William John Robert",0,29.0,1,0,11668,21.0,,False,True
119,0,1,"Baxter, Mr. Quigg Edmond",0,24.0,0,1,PC 17558,247.5208,B58 B60,False,False
120,0,3,"Andersson, Miss. Ellis Anna Maria",1,2.0,4,2,347082,31.275,,False,True
121,0,2,"Hickman, Mr. Stanley George",0,21.0,2,0,S.O.C. 14879,73.5,,False,True
122,0,3,"Moore, Mr. Leonard Charles",0,28.0,0,0,A4. 54510,8.05,,False,True
123,0,2,"Nasser, Mr. Nicholas",0,32.5,1,0,237736,30.0708,,False,False
124,1,2,"Webber, Miss. Susan",1,32.5,0,0,27267,13.0,E101,False,True
125,0,1,"White, Mr. Percival Wayland",0,54.0,0,1,35281,77.2875,D26,False,True
126,1,3,"Nicola-Yarred, Master. Elias",0,12.0,1,0,2651,11.2417,,False,False
127,0,3,"McMahon, Mr. Martin",0,28.0,0,0,370372,7.75,,True,False
128,1,3,"Madsen, Mr. Fridtjof Arne",0,24.0,0,0,C 17369,7.1417,,False,True
129,1,3,"Peter, Miss. Anna",1,28.0,1,1,2668,22.3583,F E69,False,False
130,0,3,"Ekstrom, Mr. Johan",0,45.0,0,0,347061,6.975,,False,True
131,0,3,"Drazenoic, Mr. Jozef",0,33.0,0,0,349241,7.8958,,False,False
132,0,3,"Coelho, Mr. Domingos Fernandeo",0,20.0,0,0,SOTON/O.Q. 3101307,7.05,,False,True
133,0,3,"Robins, Mrs. Alexander A (Grace Charity Laury)",1,47.0,1,0,A/5. 3337,14.5,,False,True
134,1,2,"Weisz, Mrs. Leopold (Mathilde Francoise Pede)",1,29.0,1,0,228414,26.0,,False,True
135,0,2,"Sobey, Mr. Samuel James Hayden",0,25.0,0,0,C.A. 29178,13.0,,False,True
136,0,2,"Richard, Mr. Emile",0,23.0,0,0,SC/PARIS 2133,15.0458,,False,False
137,1,1,"Newsom, Miss. Helen Monypeny",1,19.0,0,2,11752,26.2833,D47,False,True
138,0,1,"Futrelle, Mr. Jacques Heath",0,37.0,1,0,113803,53.1,C123,False,True
139,0,3,"Osen, Mr. Olaf Elon",0,16.0,0,0,7534,9.2167,,False,True
140,0,1,"Giglio, Mr. Victor",0,24.0,0,0,PC 17593,79.2,B86,False,False
141,0,3,"Boulos, Mrs. Joseph (Sultana)",1,28.0,0,2,2678,15.2458,,False,False
142,1,3,"Nysten, Miss. Anna Sofia",1,22.0,0,0,347081,7.75,,False,True
143,1,3,"Hakkarainen, Mrs. Pekka Pietari (Elin Matilda Dolck)",1,24.0,1,0,STON/O2. 3101279,15.85,,False,True
144,0,3,"Burke, Mr. Jeremiah",0,19.0,0,0,365222,6.75,,True,False
145,0,2,"Andrew, Mr. Edgardo Samuel",0,18.0,0,0,231945,11.5,,False,True
146,0,2,"Nicholls, Mr. Joseph Charles",0,19.0,1,1,C.A. 33112,36.75,,False,True
147,1,3,"Andersson, Mr. August Edvard (""Wennerstrom"")",0,27.0,0,0,350043,7.7958,,False,True
148,0,3,"Ford, Miss. Robina Maggie ""Ruby""",1,9.0,2,2,W./C. 6608,34.375,,False,True
149,0,2,"Navratil, Mr. Michel (""Louis M Hoffman"")",0,36.5,0,2,230080,26.0,F2,False,True
150,0,2,"Byles, Rev. Thomas Roussel Davids",0,42.0,0,0,244310,13.0,,False,True
151,0,2,"Bateman, Rev. Robert James",0,51.0,0,0,S.O.P. 1166,12.525,,False,True
152,1,1,"Pears, Mrs. Thomas (Edith Wearne)",1,22.0,1,0,113776,66.6,C2,False,True
153,0,3,"Meo, Mr. Alfonzo",0,55.5,0,0,A.5. 11206,8.05,,False,True
154,0,3,"van Billiard, Mr. Austin Blyler",0,40.5,0,2,A/5. 851,14.5,,False,True
155,0,3,"Olsen, Mr. Ole Martin",0,28.0,0,0,Fa 265302,7.3125,,False,True
156,0,1,"Williams, Mr. Charles Duane",0,51.0,0,1,PC 17597,61.3792,,False,False
157,1,3,"Gilnagh, Miss. Katherine ""Katie""",1,16.0,0,0,35851,7.7333,,True,False
158,0,3,"Corn, Mr. Harry",0,30.0,0,0,SOTON/OQ 392090,8.05,,False,True
159,0,3,"Smiljanic, Mr. Mile",0,28.0,0,0,315037,8.6625,,False,True
160,0,3,"Sage, Master. Thomas Henry",0,28.0,8,2,CA. 2343,69.55,,False,True
161,0,3,"Cribb, Mr. John Hatfield",0,44.0,0,1,371362,16.1,,False,True
162,1,2,"Watt, Mrs. James (Elizabeth ""Bessie"" Inglis Milne)",1,40.0,0,0,C.A. 33595,15.75,,False,True
163,0,3,"Bengtsson, Mr. John Viktor",0,26.0,0,0,347068,7.775,,False,True
164,0,3,"Calic, Mr. Jovo",0,17.0,0,0,315093,8.6625,,False,True
165,0,3,"Panula, Master. Eino Viljami",0,1.0,4,1,3101295,39.6875,,False,True
166,1,3,"Goldsmith, Master. Frank John William ""Frankie""",0,9.0,0,2,363291,20.525,,False,True
167,1,1,"Chibnall, Mrs. (Edith Martha Bowerman)",1,28.0,0,1,113505,55.0,E33,False,True
168,0,3,"Skoog, Mrs. William (Anna Bernhardina Karlsson)",1,45.0,1,4,347088,27.9,,False,True
169,0,1,"Baumann, Mr. John D",0,28.0,0,0,PC 17318,25.925,,False,True
170,0,3,"Ling, Mr. Lee",0,28.0,0,0,1601,56.4958,,False,True
171,0,1,"Van der hoef, Mr. Wyckoff",0,61.0,0,0,111240,33.5,B19,False,True
172,0,3,"Rice, Master. Arthur",0,4.0,4,1,382652,29.125,,True,False
173,1,3,"Johnson, Miss. Eleanor Ileen",1,1.0,1,1,347742,11.1333,,False,True
174,0,3,"Sivola, Mr. Antti Wilhelm",0,21.0,0,0,STON/O 2. 3101280,7.925,,False,True
175,0,1,"Smith, Mr. James Clinch",0,56.0,0,0,17764,30.6958,A7,False,False
176,0,3,"Klasen, Mr. Klas Albin",0,18.0,1,1,350404,7.8542,,False,True
177,0,3,"Lefebre, Master. Henry Forbes",0,28.0,3,1,4133,25.4667,,False,True
178,0,1,"Isham, Miss. Ann Elizabeth",1,50.0,0,0,PC 17595,28.7125,C49,False,False
179,0,2,"Hale, Mr. Reginald",0,30.0,0,0,250653,13.0,,False,True
180,0,3,"Leonard, Mr. Lionel",0,36.0,0,0,LINE,0.0,,False,True
181,0,3,"Sage, Miss. Constance Gladys",1,28.0,8,2,CA. 2343,69.55,,False,True
182,0,2,"Pernot, Mr. Rene",0,28.0,0,0,SC/PARIS 2131,15.05,,False,False
183,0,3,"Asplund, Master. Clarence Gustaf Hugo",0,9.0,4,2,347077,31.3875,,False,True
184,1,2,"Becker, Master. Richard F",0,1.0,2,1,230136,39.0,F4,False,True
185,1,3,"Kink-Heilmann, Miss. Luise Gretchen",1,4.0,0,2,315153,22.025,,False,True
186,0,1,"Rood, Mr. Hugh Roscoe",0,28.0,0,0,113767,50.0,A32,False,True
187,1,3,"O'Brien, Mrs. Thomas (Johanna ""Hannah"" Godfrey)",1,28.0,1,0,370365,15.5,,True,False
188,1,1,"Romaine, Mr. Charles Hallace (""Mr C Rolmane"")",0,45.0,0,0,111428,26.55,,False,True
189,0,3,"Bourke, Mr. John",0,40.0,1,1,364849,15.5,,True,False
190,0,3,"Turcin, Mr. Stjepan",0,36.0,0,0,349247,7.8958,,False,True
191,1,2,"Pinsky, Mrs. (Rosa)",1,32.0,0,0,234604,13.0,,False,True
192,0,2,"Carbines, Mr. William",0,19.0,0,0,28424,13.0,,False,True
193,1,3,"Andersen-Jensen, Miss. Carla Christine Nielsine",1,19.0,1,0,350046,7.8542,,False,True
194,1,2,"Navratil, Master. Michel M",0,3.0,1,1,230080,26.0,F2,False,True
195,1,1,"Brown, Mrs. James Joseph (Margaret Tobin)",1,44.0,0,0,PC 17610,27.7208,B4,False,False
196,1,1,"Lurette, Miss. Elise",1,58.0,0,0,PC 17569,146.5208,B80,False,False
197,0,3,"Mernagh, Mr. Robert",0,28.0,0,0,368703,7.75,,True,False
198,0,3,"Olsen, Mr. Karl Siegwart Andreas",0,42.0,0,1,4579,8.4042,,False,True
199,1,3,"Madigan, Miss. Margaret ""Maggie""",1,28.0,0,0,370370,7.75,,True,False
200,0,2,"Yrois, Miss. Henriette (""Mrs Harbeck"")",1,24.0,0,0,248747,13.0,,False,True
201,0,3,"Vande Walle, Mr. Nestor Cyriel",0,28.0,0,0,345770,9.5,,False,True
202,0,3,"Sage, Mr. Frederick",0,28.0,8,2,CA. 2343,69.55,,False,True
203,0,3,"Johanson, Mr. Jakob Alfred",0,34.0,0,0,3101264,6.4958,,False,True
204,0,3,"Youseff, Mr. Gerious",0,45.5,0,0,2628,7.225,,False,False
205,1,3,"Cohen, Mr. Gurshon ""Gus""",0,18.0,0,0,A/5 3540,8.05,,False,True
206,0,3,"Strom, Miss. Telma Matilda",1,2.0,0,1,347054,10.4625,G6,False,True
207,0,3,"Backstrom, Mr. Karl Alfred",0,32.0,1,0,3101278,15.85,,False,True
208,1,3,"Albimona, Mr. Nassef Cassem",0,26.0,0,0,2699,18.7875,,False,False
209,1,3,"Carr, Miss. Helen ""Ellen""",1,16.0,0,0,367231,7.75,,True,False
210,1,1,"Blank, Mr. Henry",0,40.0,0,0,112277,31.0,A31,False,False
211,0,3,"Ali, Mr. Ahmed",0,24.0,0,0,SOTON/O.Q. 3101311,7.05,,False,True
212,1,2,"Cameron, Miss. Clear Annie",1,35.0,0,0,F.C.C. 13528,21.0,,False,True
213,0,3,"Perkin, Mr. John Henry",0,22.0,0,0,A/5 21174,7.25,,False,True
214,0,2,"Givard, Mr. Hans Kristensen",0,30.0,0,0,250646,13.0,,False,True
215,0,3,"Kiernan, Mr. Philip",0,28.0,1,0,367229,7.75,,True,False
216,1,1,"Newell, Miss. Madeleine",1,31.0,1,0,35273,113.275,D36,False,False
217,1,3,"Honkanen, Miss. Eliina",1,27.0,0,0,STON/O2. 3101283,7.925,,False,True
218,0,2,"Jacobsohn, Mr. Sidney Samuel",0,42.0,1,0,243847,27.0,,False,True
219,1,1,"Bazzani, Miss. Albina",1,32.0,0,0,11813,76.2917,D15,False,False
220,0,2,"Harris, Mr. Walter",0,30.0,0,0,W/C 14208,10.5,,False,True
221,1,3,"Sunderland, Mr. Victor Francis",0,16.0,0,0,SOTON/OQ 392089,8.05,,False,True
222,0,2,"Bracken, Mr. James H",0,27.0,0,0,220367,13.0,,False,True
223,0,3,"Green, Mr. George Henry",0,51.0,0,0,21440,8.05,,False,True
224,0,3,"Nenkoff, Mr. Christo",0,28.0,0,0,349234,7.8958,,False,True
225,1,1,"Hoyt, Mr. Frederick Maxfield",0,38.0,1,0,19943,90.0,C93,False,True
226,0,3,"Berglund, Mr. Karl Ivar Sven",0,22.0,0,0,PP 4348,9.35,,False,True
227,1,2,"Mellors, Mr. William John",0,19.0,0,0,SW/PP 751,10.5,,False,True
228,0,3,"Lovell, Mr. John Hall (""Henry"")",0,20.5,0,0,A/5 21173,7.25,,False,True
229,0,2,"Fahlstrom, Mr. Arne Jonas",0,18.0,0,0,236171,13.0,,False,True
230,0,3,"Lefebre, Miss. Mathilde",1,28.0,3,1,4133,25.4667,,False,True
231,1,1,"Harris, Mrs. Henry Birkhardt (Irene Wallach)",1,35.0,1,0,36973,83.475,C83,False,True
232,0,3,"Larsson, Mr. Bengt Edvin",0,29.0,0,0,347067,7.775,,False,True
233,0,2,"Sjostedt, Mr. Ernst Adolf",0,59.0,0,0,237442,13.5,,False,True
234,1,3,"Asplund, Miss. Lillian Gertrud",1,5.0,4,2,347077,31.3875,,False,True
235,0,2,"Leyson, Mr. Robert William Norman",0,24.0,0,0,C.A. 29566,10.5,,False,True
236,0,3,"Harknett, Miss. Alice Phoebe",1,28.0,0,0,W./C. 6609,7.55,,False,True
237,0,2,"Hold, Mr. Stephen",0,44.0,1,0,26707,26.0,,False,True
238,1,2,"Collyer, Miss. Marjorie ""Lottie""",1,8.0,0,2,C.A. 31921,26.25,,False,True
239,0,2,"Pengelly, Mr. Frederick William",0,19.0,0,0,28665,10.5,,False,True
240,0,2,"Hunt, Mr. George Henry",0,33.0,0,0,SCO/W 1585,12.275,,False,True
241,0,3,"Zabour, Miss. Thamine",1,28.0,1,0,2665,14.4542,,False,False
242,1,3,"Murphy, Miss. Katherine ""Kate""",1,28.0,1,0,367230,15.5,,True,False
243,0,2,"Coleridge, Mr. Reginald Charles",0,29.0,0,0,W./C. 14263,10.5,,False,True
244,0,3,"Maenpaa, Mr. Matti Alexanteri",0,22.0,0,0,STON/O 2. 3101275,7.125,,False,True
245,0,3,"Attalah, Mr. Sleiman",0,30.0,0,0,2694,7.225,,False,False
246,0,1,"Minahan, Dr. William Edward",0,44.0,2,0,19928,90.0,C78,True,False
247,0,3,"Lindahl, Miss. Agda Thorilda Viktoria",1,25.0,0,0,347071,7.775,,False,True
248,1,2,"Hamalainen, Mrs. William (Anna)",1,24.0,0,2,250649,14.5,,False,True
249,1,1,"Beckwith, Mr. Richard Leonard",0,37.0,1,1,11751,52.5542,D35,False,True
250,0,2,"Carter, Rev. Ernest Courtenay",0,54.0,1,0,244252,26.0,,False,True
251,0,3,"Reed, Mr. James George",0,28.0,0,0,362316,7.25,,False,True
252,0,3,"Strom, Mrs. Wilhelm (Elna Matilda Persson)",1,29.0,1,1,347054,10.4625,G6,False,True
253,0,1,"Stead, Mr. William Thomas",0,62.0,0,0,113514,26.55,C87,False,True
254,0,3,"Lobb, Mr. William Arthur",0,30.0,1,0,A/5. 3336,16.1,,False,True
255,0,3,"Rosblom, Mrs. Viktor (Helena Wilhelmina)",1,41.0,0,2,370129,20.2125,,False,True
256,1,3,"Touma, Mrs. Darwis (Hanne Youssef Razi)",1,29.0,0,2,2650,15.2458,,False,False
257,1,1,"Thorne, Mrs. Gertrude Maybelle",1,28.0,0,0,PC 17585,79.2,,False,False
258,1,1,"Cherry, Miss. Gladys",1,30.0,0,0,110152,86.5,B77,False,True
259,1,1,"Ward, Miss. Anna",1,35.0,0,0,PC 17755,512.3292,,False,False
260,1,2,"Parrish, Mrs. (Lutie Davis)",1,50.0,0,1,230433,26.0,,False,True
261,0,3,"Smith, Mr. Thomas",0,28.0,0,0,384461,7.75,,True,False
262,1,3,"Asplund, Master. Edvin Rojj Felix",0,3.0,4,2,347077,31.3875,,False,True
263,0,1,"Taussig, Mr. Emil",0,52.0,1,1,110413,79.65,E67,False,True
264,0,1,"Harrison, Mr. William",0,40.0,0,0,112059,0.0,B94,False,True
265,0,3,"Henry, Miss. Delia",1,28.0,0,0,382649,7.75,,True,False
266,0,2,"Reeves, Mr. David",0,36.0,0,0,C.A. 17248,10.5,,False,True
267,0,3,"Panula, Mr. Ernesti Arvid",0,16.0,4,1,3101295,39.6875,,False,True
268,1,3,"Persson, Mr. Ernst Ulrik",0,25.0,1,0,347083,7.775,,False,True
269,1,1,"Graham, Mrs. William Thompson (Edith Junkins)",1,58.0,0,1,PC 17582,153.4625,C125,False,True
270,1,1,"Bissette, Miss. Amelia",1,35.0,0,0,PC 17760,135.6333,C99,False,True
271,0,1,"Cairns, Mr. Alexander",0,28.0,0,0,113798,31.0,,False,True
272,1,3,"Tornquist, Mr. William Henry",0,25.0,0,0,LINE,0.0,,False,True
273,1,2,"Mellinger, Mrs. (Elizabeth Anne Maidment)",1,41.0,0,1,250644,19.5,,False,True
274,0,1,"Natsch, Mr. Charles H",0,37.0,0,1,PC 17596,29.7,C118,False,False
275,1,3,"Healy, Miss. Hanora ""Nora""",1,28.0,0,0,370375,7.75,,True,False
276,1,1,"Andrews, Miss. Kornelia Theodosia",1,63.0,1,0,13502,77.9583,D7,False,True
277,0,3,"Lindblom, Miss. Augusta Charlotta",1,45.0,0,0,347073,7.75,,False,True
278,0,2,"Parkes, Mr. Francis ""Frank""",0,28.0,0,0,239853,0.0,,False,True
279,0,3,"Rice, Master. Eric",0,7.0,4,1,382652,29.125,,True,False
280,1,3,"Abbott, Mrs. Stanton (Rosa Hunt)",1,35.0,1,1,C.A. 2673,20.25,,False,True
281,0,3,"Duane, Mr. Frank",0,65.0,0,0,336439,7.75,,True,False
282,0,3,"Olsson, Mr. Nils Johan Goransson",0,28.0,0,0,347464,7.8542,,False,True
283,0,3,"de Pelsmaeker, Mr. Alfons",0,16.0,0,0,345778,9.5,,False,True
284,1,3,"Dorking, Mr. Edward Arthur",0,19.0,0,0,A/5. 10482,8.05,,False,True
285,0,1,"Smith, Mr. Richard William",0,28.0,0,0,113056,26.0,A19,False,True
286,0,3,"Stankovic, Mr. Ivan",0,33.0,0,0,349239,8.6625,,False,False
287,1,3,"de Mulder, Mr. Theodore",0,30.0,0,0,345774,9.5,,False,True
288,0,3,"Naidenoff, Mr. Penko",0,22.0,0,0,349206,7.8958,,False,True
289,1,2,"Hosono, Mr. Masabumi",0,42.0,0,0,237798,13.0,,False,True
290,1,3,"Connolly, Miss. Kate",1,22.0,0,0,370373,7.75,,True,False
291,1,1,"Barber, Miss. Ellen ""Nellie""",1,26.0,0,0,19877,78.85,,False,True
292,1,1,"Bishop, Mrs. Dickinson H (Helen Walton)",1,19.0,1,0,11967,91.0792,B49,False,False
293,0,2,"Levy, Mr. Rene Jacques",0,36.0,0,0,SC/Paris 2163,12.875,D,False,False
294,0,3,"Haas, Miss. Aloisia",1,24.0,0,0,349236,8.85,,False,True
295,0,3,"Mineff, Mr. Ivan",0,24.0,0,0,349233,7.8958,,False,True
296,0,1,"Lewy, Mr. Ervin G",0,28.0,0,0,PC 17612,27.7208,,False,False
297,0,3,"Hanna, Mr. Mansour",0,23.5,0,0,2693,7.2292,,False,False
298,0,1,"Allison, Miss. Helen Loraine",1,2.0,1,2,113781,151.55,C22 C26,False,True
299,1,1,"Saalfeld, Mr. Adolphe",0,28.0,0,0,19988,30.5,C106,False,True
300,1,1,"Baxter, Mrs. James (Helene DeLaudeniere Chaput)",1,50.0,0,1,PC 17558,247.5208,B58 B60,False,False
301,1,3,"Kelly, Miss. Anna Katherine ""Annie Kate""",1,28.0,0,0,9234,7.75,,True,False
302,1,3,"McCoy, Mr. Bernard",0,28.0,2,0,367226,23.25,,True,False
303,0,3,"Johnson, Mr. William Cahoone Jr",0,19.0,0,0,LINE,0.0,,False,True
304,1,2,"Keane, Miss. Nora A",1,28.0,0,0,226593,12.35,E101,True,False
305,0,3,"Williams, Mr. Howard Hugh ""Harry""",0,28.0,0,0,A/5 2466,8.05,,False,True
306,1,1,"Allison, Master. Hudson Trevor",0,0.92,1,2,113781,151.55,C22 C26,False,True
307,1,1,"Fleming, Miss. Margaret",1,28.0,0,0,17421,110.8833,,False,False
308,1,1,"Penasco y Castellana, Mrs. Victor de Satode (Maria Josefa Perez de Soto y Vallejo)",1,17.0,1,0,PC 17758,108.9,C65,False,False
309,0,2,"Abelson, Mr. Samuel",0,30.0,1,0,P/PP 3381,24.0,,False,False
310,1,1,"Francatelli, Miss. Laura Mabel",1,30.0,0,0,PC 17485,56.9292,E36,False,False
311,1,1,"Hays, Miss. Margaret Bechstein",1,24.0,0,0,11767,83.1583,C54,False,False
312,1,1,"Ryerson, Miss. Emily Borie",1,18.0,2,2,PC 17608,262.375,B57 B59 B63 B66,False,False
313,0,2,"Lahtinen, Mrs. William (Anna Sylfven)",1,26.0,1,1,250651,26.0,,False,True
314,0,3,"Hendekovic, Mr. Ignjac",0,28.0,0,0,349243,7.8958,,False,True
315,0,2,"Hart, Mr. Benjamin",0,43.0,1,1,F.C.C. 13529,26.25,,False,True
316,1,3,"Nilsson, Miss. Helmina Josefina",1,26.0,0,0,347470,7.8542,,False,True
317,1,2,"Kantor, Mrs. Sinai (Miriam Sternin)",1,24.0,1,0,244367,26.0,,False,True
318,0,2,"Moraweck, Dr. Ernest",0,54.0,0,0,29011,14.0,,False,True
319,1,1,"Wick, Miss. Mary Natalie",1,31.0,0,2,36928,164.8667,C7,False,True
320,1,1,"Spedden, Mrs. Frederic Oakley (Margaretta Corning Stone)",1,40.0,1,1,16966,134.5,E34,False,False
321,0,3,"Dennis, Mr. Samuel",0,22.0,0,0,A/5 21172,7.25,,False,True
322,0,3,"Danoff, Mr. Yoto",0,27.0,0,0,349219,7.8958,,False,True
323,1,2,"Slayter, Miss. Hilda Mary",1,30.0,0,0,234818,12.35,,True,False
324,1,2,"Caldwell, Mrs. Albert Francis (Sylvia Mae Harbaugh)",1,22.0,1,1,248738,29.0,,False,True
325,0,3,"Sage, Mr. George John Jr",0,28.0,8,2,CA. 2343,69.55,,False,True
326,1,1,"Young, Miss. Marie Grice",1,36.0,0,0,PC 17760,135.6333,C32,False,False
327,0,3,"Nysveen, Mr. Johan Hansen",0,61.0,0,0,345364,6.2375,,False,True
328,1,2,"Ball, Mrs. (Ada E Hall)",1,36.0,0,0,28551,13.0,D,False,True
329,1,3,"Goldsmith, Mrs. Frank John (Emily Alice Brown)",1,31.0,1,1,363291,20.525,,False,True
330,1,1,"Hippach, Miss. Jean Gertrude",1,16.0,0,1,111361,57.9792,B18,False,False
331,1,3,"McCoy, Miss. Agnes",1,28.0,2,0,367226,23.25,,True,False
332,0,1,"Partner, Mr. Austen",0,45.5,0,0,113043,28.5,C124,False,True
333,0,1,"Graham, Mr. George Edward",0,38.0,0,1,PC 17582,153.4625,C91,False,True
334,0,3,"Vander Planke, Mr. Leo Edmondus",0,16.0,2,0,345764,18.0,,False,True
335,1,1,"Frauenthal, Mrs. Henry William (Clara Heinsheimer)",1,28.0,1,0,PC 17611,133.65,,False,True
336,0,3,"Denkoff, Mr. Mitto",0,28.0,0,0,349225,7.8958,,False,True
337,0,1,"Pears, Mr. Thomas Clinton",0,29.0,1,0,113776,66.6,C2,False,True
338,1,1,"Burns, Miss. Elizabeth Margaret",1,41.0,0,0,16966,134.5,E40,False,False
339,1,3,"Dahl, Mr. Karl Edwart",0,45.0,0,0,7598,8.05,,False,True
340,0,1,"Blackwell, Mr. Stephen Weart",0,45.0,0,0,113784,35.5,T,False,True
341,1,2,"Navratil, Master. Edmond Roger",0,2.0,1,1,230080,26.0,F2,False,True
342,1,1,"Fortune, Miss. Alice Elizabeth",1,24.0,3,2,19950,263.0,C23 C25 C27,False,True
343,0,2,"Collander, Mr. Erik Gustaf",0,28.0,0,0,248740,13.0,,False,True
344,0,2,"Sedgwick, Mr. Charles Frederick Waddington",0,25.0,0,0,244361,13.0,,False,True
345,0,2,"Fox, Mr. Stanley Hubert",0,36.0,0,0,229236,13.0,,False,True
346,1,2,"Brown, Miss. Amelia ""Mildred""",1,24.0,0,0,248733,13.0,F33,False,True
347,1,2,"Smith, Miss. Marion Elsie",1,40.0,0,0,31418,13.0,,False,True
348,1,3,"Davison, Mrs. Thomas Henry (Mary E Finck)",1,28.0,1,0,386525,16.1,,False,True
349,1,3,"Coutts, Master. William Loch ""William""",0,3.0,1,1,C.A. 37671,15.9,,False,True
350,0,3,"Dimic, Mr. Jovan",0,42.0,0,0,315088,8.6625,,False,True
351,0,3,"Odahl, Mr. Nils Martin",0,23.0,0,0,7267,9.225,,False,True
352,0,1,"Williams-Lambert, Mr. Fletcher Fellows",0,28.0,0,0,113510,35.0,C128,False,True
353,0,3,"Elias, Mr. Tannous",0,15.0,1,1,2695,7.2292,,False,False
354,0,3,"Arnold-Franchi, Mr. Josef",0,25.0,1,0,349237,17.8,,False,True
355,0,3,"Yousif, Mr. Wazli",0,28.0,0,0,2647,7.225,,False,False
356,0,3,"Vanden Steen, Mr. Leo Peter",0,28.0,0,0,345783,9.5,,False,True
357,1,1,"Bowerman, Miss. Elsie Edith",1,22.0,0,1,113505,55.0,E33,False,True
358,0,2,"Funk, Miss. Annie Clemmer",1,38.0,0,0,237671,13.0,,False,True
359,1,3,"McGovern, Miss. Mary",1,28.0,0,0,330931,7.8792,,True,False
360,1,3,"Mockler, Miss. Helen Mary ""Ellie""",1,28.0,0,0,330980,7.8792,,True,False
361,0,3,"Skoog, Mr. Wilhelm",0,40.0,1,4,347088,27.9,,False,True
362,0,2,"del Carlo, Mr. Sebastiano",0,29.0,1,0,SC/PARIS 2167,27.7208,,False,False
363,0,3,"Barbara, Mrs. (Catherine David)",1,45.0,0,1,2691,14.4542,,False,False
364,0,3,"Asim, Mr. Adola",0,35.0,0,0,SOTON/O.Q. 3101310,7.05,,False,True
365,0,3,"O'Brien, Mr. Thomas",0,28.0,1,0,370365,15.5,,True,False
366,0,3,"Adahl, Mr. Mauritz Nils Martin",0,30.0,0,0,C 7076,7.25,,False,True
367,1,1,"Warren, Mrs. Frank Manley (Anna Sophia Atkinson)",1,60.0,1,0,110813,75.25,D37,False,False
368,1,3,"Moussa, Mrs. (Mantoura Boulos)",1,28.0,0,0,2626,7.2292,,False,False
369,1,3,"Jermyn, Miss. Annie",1,28.0,0,0,14313,7.75,,True,False
370,1,1,"Aubart, Mme. Leontine Pauline",1,24.0,0,0,PC 17477,69.3,B35,False,False
371,1,1,"Harder, Mr. George Achilles",0,25.0,1,0,11765,55.4417,E50,False,False
372,0,3,"Wiklund, Mr. Jakob Alfred",0,18.0,1,0,3101267,6.4958,,False,True
373,0,3,"Beavan, Mr. William Thomas",0,19.0,0,0,323951,8.05,,False,True
374,0,1,"Ringhini, Mr. Sante",0,22.0,0,0,PC 17760,135.6333,,False,False
375,0,3,"Palsson, Miss. Stina Viola",1,3.0,3,1,349909,21.075,,False,True
376,1,1,"Meyer, Mrs. Edgar Joseph (Leila Saks)",1,28.0,1,0,PC 17604,82.1708,,False,False
377,1,3,"Landergren, Miss. Aurora Adelia",1,22.0,0,0,C 7077,7.25,,False,True
378,0,1,"Widener, Mr. Harry Elkins",0,27.0,0,2,113503,211.5,C82,False,False
379,0,3,"Betros, Mr. Tannous",0,20.0,0,0,2648,4.0125,,False,False
380,0,3,"Gustafsson, Mr. Karl Gideon",0,19.0,0,0,347069,7.775,,False,True
381,1,1,"Bidois, Miss. Rosalie",1,42.0,0,0,PC 17757,227.525,,False,False
382,1,3,"Nakid, Miss. Maria (""Mary"")",1,1.0,0,2,2653,15.7417,,False,False
383,0,3,"Tikkanen, Mr. Juho",0,32.0,0,0,STON/O 2. 3101293,7.925,,False,True
384,1,1,"Holverson, Mrs. Alexander Oskar (Mary Aline Towner)",1,35.0,1,0,113789,52.0,,False,True
385,0,3,"Plotcharsky, Mr. Vasil",0,28.0,0,0,349227,7.8958,,False,True
386,0,2,"Davies, Mr. Charles Henry",0,18.0,0,0,S.O.C. 14879,73.5,,False,True
387,0,3,"Goodwin, Master. Sidney Leonard",0,1.0,5,2,CA 2144,46.9,,False,True
388,1,2,"Buss, Miss. Kate",1,36.0,0,0,27849,13.0,,False,True
389,0,3,"Sadlier, Mr. Matthew",0,28.0,0,0,367655,7.7292,,True,False
390,1,2,"Lehmann, Miss. Bertha",1,17.0,0,0,SC 1748,12.0,,False,False
391,1,1,"Carter, Mr. William Ernest",0,36.0,1,2,113760,120.0,B96 B98,False,True
392,1,3,"Jansson, Mr. Carl Olof",0,21.0,0,0,350034,7.7958,,False,True
393,0,3,"Gustafsson, Mr. Johan Birger",0,28.0,2,0,3101277,7.925,,False,True
394,1,1,"Newell, Miss. Marjorie",1,23.0,1,0,35273,113.275,D36,False,False
395,1,3,"Sandstrom, Mrs. Hjalmar (Agnes Charlotta Bengtsson)",1,24.0,0,2,PP 9549,16.7,G6,False,True
396,0,3,"Johansson, Mr. Erik",0,22.0,0,0,350052,7.7958,,False,True
397,0,3,"Olsson, Miss. Elina",1,31.0,0,0,350407,7.8542,,False,True
398,0,2,"McKane, Mr. Peter David",0,46.0,0,0,28403,26.0,,False,True
399,0,2,"Pain, Dr. Alfred",0,23.0,0,0,244278,10.5,,False,True
400,1,2,"Trout, Mrs. William H (Jessie L)",1,28.0,0,0,240929,12.65,,False,True
401,1,3,"Niskanen, Mr. Juha",0,39.0,0,0,STON/O 2. 3101289,7.925,,False,True
402,0,3,"Adams, Mr. John",0,26.0,0,0,341826,8.05,,False,True
403,0,3,"Jussila, Miss. Mari Aina",1,21.0,1,0,4137,9.825,,False,True
404,0,3,"Hakkarainen, Mr. Pekka Pietari",0,28.0,1,0,STON/O2. 3101279,15.85,,False,True
405,0,3,"Oreskovic, Miss. Marija",1,20.0,0,0,315096,8.6625,,False,True
406,0,2,"Gale, Mr. Shadrach",0,34.0,1,0,28664,21.0,,False,True
407,0,3,"Widegren, Mr. Carl/Charles Peter",0,51.0,0,0,347064,7.75,,False,True
408,1,2,"Richards, Master. William Rowe",0,3.0,1,1,29106,18.75,,False,True
409,0,3,"Birkeland, Mr. Hans Martin Monsen",0,21.0,0,0,312992,7.775,,False,True
410,0,3,"Lefebre, Miss. Ida",1,28.0,3,1,4133,25.4667,,False,True
411,0,3,"Sdycoff, Mr. Todor",0,28.0,0,0,349222,7.8958,,False,True
412,0,3,"Hart, Mr. Henry",0,28.0,0,0,394140,6.8583,,True,False
413,1,1,"Minahan, Miss. Daisy E",1,33.0,1,0,19928,90.0,C78,True,False
414,0,2,"Cunningham, Mr. Alfred Fleming",0,28.0,0,0,239853,0.0,,False,True
415,1,3,"Sundman, Mr. Johan Julian",0,44.0,0,0,STON/O 2. 3101269,7.925,,False,True
416,0,3,"Meek, Mrs. Thomas (Annie Louise Rowley)",1,28.0,0,0,343095,8.05,,False,True
417,1,2,"Drew, Mrs. James Vivian (Lulu Thorne Christian)",1,34.0,1,1,28220,32.5,,False,True
418,1,2,"Silven, Miss. Lyyli Karoliina",1,18.0,0,2,250652,13.0,,False,True
419,0,2,"Matthews, Mr. William John",0,30.0,0,0,28228,13.0,,False,True
420,0,3,"Van Impe, Miss. Catharina",1,10.0,0,2,345773,24.15,,False,True
421,0,3,"Gheorgheff, Mr. Stanio",0,28.0,0,0,349254,7.8958,,False,False
422,0,3,"Charters, Mr. David",0,21.0,0,0,A/5. 13032,7.7333,,True,False
423,0,3,"Zimmerman, Mr. Leo",0,29.0,0,0,315082,7.875,,False,True
424,0,3,"Danbom, Mrs. Ernst Gilbert (Anna Sigrid Maria Brogren)",1,28.0,1,1,347080,14.4,,False,True
425,0,3,"Rosblom, Mr. Viktor Richard",0,18.0,1,1,370129,20.2125,,False,True
426,0,3,"Wiseman, Mr. Phillippe",0,28.0,0,0,A/4. 34244,7.25,,False,True
427,1,2,"Clarke, Mrs. Charles V (Ada Maria Winfield)",1,28.0,1,0,2003,26.0,,False,True
428,1,2,"Phillips, Miss. Kate Florence (""Mrs Kate Louise Phillips Marshall"")",1,19.0,0,0,250655,26.0,,False,True
429,0,3,"Flynn, Mr. James",0,28.0,0,0,364851,7.75,,True,False
430,1,3,"Pickard, Mr. Berk (Berk Trembisky)",0,32.0,0,0,SOTON/O.Q. 392078,8.05,E10,False,True
431,1,1,"Bjornstrom-Steffansson, Mr. Mauritz Hakan",0,28.0,0,0,110564,26.55,C52,False,True
432,1,3,"Thorneycroft, Mrs. Percival (Florence Kate White)",1,28.0,1,0,376564,16.1,,False,True
433,1,2,"Louch, Mrs. Charles Alexander (Alice Adelaide Slow)",1,42.0,1,0,SC/AH 3085,26.0,,False,True
434,0,3,"Kallio, Mr. Nikolai Erland",0,17.0,0,0,STON/O 2. 3101274,7.125,,False,True
435,0,1,"Silvey, Mr. William Baird",0,50.0,1,0,13507,55.9,E44,False,True
436,1,1,"Carter, Miss. Lucile Polk",1,14.0,1,2,113760,120.0,B96 B98,False,True
437,0,3,"Ford, Miss. Doolina Margaret ""Daisy""",1,21.0,2,2,W./C. 6608,34.375,,False,True
438,1,2,"Richards, Mrs. Sidney (Emily Hocking)",1,24.0,2,3,29106,18.75,,False,True
439,0,1,"Fortune, Mr. Mark",0,64.0,1,4,19950,263.0,C23 C25 C27,False,True
440,0,2,"Kvillner, Mr. Johan Henrik Johannesson",0,31.0,0,0,C.A. 18723,10.5,,False,True
441,1,2,"Hart, Mrs. Benjamin (Esther Ada Bloomfield)",1,45.0,1,1,F.C.C. 13529,26.25,,False,True
442,0,3,"Hampe, Mr. Leon",0,20.0,0,0,345769,9.5,,False,True
443,0,3,"Petterson, Mr. Johan Emil",0,25.0,1,0,347076,7.775,,False,True
444,1,2,"Reynaldo, Ms. Encarnacion",1,28.0,0,0,230434,13.0,,False,True
445,1,3,"Johannesen-Bratthammer, Mr. Bernt",0,28.0,0,0,65306,8.1125,,False,True
446,1,1,"Dodge, Master. Washington",0,4.0,0,2,33638,81.8583,A34,False,True
447,1,2,"Mellinger, Miss. Madeleine Violet",1,13.0,0,1,250644,19.5,,False,True
448,1,1,"Seward, Mr. Frederic Kimber",0,34.0,0,0,113794,26.55,,False,True
449,1,3,"Baclini, Miss. Marie Catherine",1,5.0,2,1,2666,19.2583,,False,False
450,1,1,"Peuchen, Major. Arthur Godfrey",0,52.0,0,0,113786,30.5,C104,False,True
451,0,2,"West, Mr. Edwy Arthur",0,36.0,1,2,C.A. 34651,27.75,,False,True
452,0,3,"Hagland, Mr. Ingvald Olai Olsen",0,28.0,1,0,65303,19.9667,,False,True
453,0,1,"Foreman, Mr. Benjamin Laventall",0,30.0,0,0,113051,27.75,C111,False,False
454,1,1,"Goldenberg, Mr. Samuel L",0,49.0,1,0,17453,89.1042,C92,False,False
455,0,3,"Peduzzi, Mr. Joseph",0,28.0,0,0,A/5 2817,8.05,,False,True
456,1,3,"Jalsevac, Mr. Ivan",0,29.0,0,0,349240,7.8958,,False,False
457,0,1,"Millet, Mr. Francis Davis",0,65.0,0,0,13509,26.55,E38,False,True
458,1,1,"Kenyon, Mrs. Frederick R (Marion)",1,28.0,1,0,17464,51.8625,D21,False,True
459,1,2,"Toomey, Miss. Ellen",1,50.0,0,0,F.C.C. 13531,10.5,,False,True
460,0,3,"O'Connor, Mr. Maurice",0,28.0,0,0,371060,7.75,,True,False
461,1,1,"Anderson, Mr. Harry",0,48.0,0,0,19952,26.55,E12,False,True
462,0,3,"Morley, Mr. William",0,34.0,0,0,364506,8.05,,False,True
463,0,1,"Gee, Mr. Arthur H",0,47.0,0,0,111320,38.5,E63,False,True
464,0,2,"Milling, Mr. Jacob Christian",0,48.0,0,0,234360,13.0,,False,True
465,0,3,"Maisner, Mr. Simon",0,28.0,0,0,A/S 2816,8.05,,False,True
466,0,3,"Goncalves, Mr. Manuel Estanslas",0,38.0,0,0,SOTON/O.Q. 3101306,7.05,,False,True
467,0,2,"Campbell, Mr. William",0,28.0,0,0,239853,0.0,,False,True
468,0,1,"Smart, Mr. John Montgomery",0,56.0,0,0,113792,26.55,,False,True
469,0,3,"Scanlan, Mr. James",0,28.0,0,0,36209,7.725,,True,False
470,1,3,"Baclini, Miss. Helene Barbara",1,0.75,2,1,2666,19.2583,,False,False
471,0,3,"Keefe, Mr. Arthur",0,28.0,0,0,323592,7.25,,False,True
472,0,3,"Cacic, Mr. Luka",0,38.0,0,0,315089,8.6625,,False,True
473,1,2,"West, Mrs. Edwy Arthur (Ada Mary Worth)",1,33.0,1,2,C.A. 34651,27.75,,False,True
474,1,2,"Jerwan, Mrs. Amin S (Marie Marthe Thuillard)",1,23.0,0,0,SC/AH Basle 541,13.7917,D,False,False
475,0,3,"Strandberg, Miss. Ida Sofia",1,22.0,0,0,7553,9.8375,,False,True
476,0,1,"Clifford, Mr. George Quincy",0,28.0,0,0,110465,52.0,A14,False,True
477,0,2,"Renouf, Mr. Peter Henry",0,34.0,1,0,31027,21.0,,False,True
478,0,3,"Braund, Mr. Lewis Richard",0,29.0,1,0,3460,7.0458,,False,True
479,0,3,"Karlsson, Mr. Nils August",0,22.0,0,0,350060,7.5208,,False,True
480,1,3,"Hirvonen, Miss. Hildur E",1,2.0,0,1,3101298,12.2875,,False,True
481,0,3,"Goodwin, Master. Harold Victor",0,9.0,5,2,CA 2144,46.9,,False,True
482,0,2,"Frost, Mr. Anthony Wood ""Archie""",0,28.0,0,0,239854,0.0,,False,True
483,0,3,"Rouse, Mr. Richard Henry",0,50.0,0,0,A/5 3594,8.05,,False,True
484,1,3,"Turkula, Mrs. (Hedwig)",1,63.0,0,0,4134,9.5875,,False,True
485,1,1,"Bishop, Mr. Dickinson H",0,25.0,1,0,11967,91.0792,B49,False,False
486,0,3,"Lefebre, Miss. Jeannie",1,28.0,3,1,4133,25.4667,,False,True
487,1,1,"Hoyt, Mrs. Frederick Maxfield (Jane Anne Forby)",1,35.0,1,0,19943,90.0,C93,False,True
488,0,1,"Kent, Mr. Edward Austin",0,58.0,0,0,11771,29.7,B37,False,False
489,0,3,"Somerton, Mr. Francis William",0,30.0,0,0,A.5. 18509,8.05,,False,True
490,1,3,"Coutts, Master. Eden Leslie ""Neville""",0,9.0,1,1,C.A. 37671,15.9,,False,True
491,0,3,"Hagland, Mr. Konrad Mathias Reiersen",0,28.0,1,0,65304,19.9667,,False,True
492,0,3,"Windelov, Mr. Einar",0,21.0,0,0,SOTON/OQ 3101317,7.25,,False,True
493,0,1,"Molson, Mr. Harry Markland",0,55.0,0,0,113787,30.5,C30,False,True
494,0,1,"Artagaveytia, Mr. Ramon",0,71.0,0,0,PC 17609,49.5042,,False,False
495,0,3,"Stanley, Mr. Edward Roland",0,21.0,0,0,A/4 45380,8.05,,False,True
496,0,3,"Yousseff, Mr. Gerious",0,28.0,0,0,2627,14.4583,,False,False
497,1,1,"Eustis, Miss. Elizabeth Mussey",1,54.0,1,0,36947,78.2667,D20,False,False
498,0,3,"Shellard, Mr. Frederick William",0,28.0,0,0,C.A. 6212,15.1,,False,True
499,0,1,"Allison, Mrs. Hudson J C (Bessie Waldo Daniels)",1,25.0,1,2,113781,151.55,C22 C26,False,True
500,0,3,"Svensson, Mr. Olof",0,24.0,0,0,350035,7.7958,,False,True
501,0,3,"Calic, Mr. Petar",0,17.0,0,0,315086,8.6625,,False,True
502,0,3,"Canavan, Miss. Mary",1,21.0,0,0,364846,7.75,,True,False
503,0,3,"O'Sullivan, Miss. Bridget Mary",1,28.0,0,0,330909,7.6292,,True,False
504,0,3,"Laitinen, Miss. Kristina Sofia",1,37.0,0,0,4135,9.5875,,False,True
505,1,1,"Maioni, Miss. Roberta",1,16.0,0,0,110152,86.5,B79,False,True
506,0,1,"Penasco y Castellana, Mr. Victor de Satode",0,18.0,1,0,PC 17758,108.9,C65,False,False
507,1,2,"Quick, Mrs. Frederick Charles (Jane Richards)",1,33.0,0,2,26360,26.0,,False,True
508,1,1,"Bradley, Mr. George (""George Arthur Brayton"")",0,28.0,0,0,111427,26.55,,False,True
509,0,3,"Olsen, Mr. Henry Margido",0,28.0,0,0,C 4001,22.525,,False,True
510,1,3,"Lang, Mr. Fang",0,26.0,0,0,1601,56.4958,,False,True
511,1,3,"Daly, Mr. Eugene Patrick",0,29.0,0,0,382651,7.75,,True,False
512,0,3,"Webber, Mr. James",0,28.0,0,0,SOTON/OQ 3101316,8.05,,False,True
513,1,1,"McGough, Mr. James Robert",0,36.0,0,0,PC 17473,26.2875,E25,False,True
514,1,1,"Rothschild, Mrs. Martin (Elizabeth L. Barrett)",1,54.0,1,0,PC 17603,59.4,,False,False
515,0,3,"Coleff, Mr. Satio",0,24.0,0,0,349209,7.4958,,False,True
516,0,1,"Walker, Mr. William Anderson",0,47.0,0,0,36967,34.0208,D46,False,True
517,1,2,"Lemore, Mrs. (Amelia Milley)",1,34.0,0,0,C.A. 34260,10.5,F33,False,True
518,0,3,"Ryan, Mr. Patrick",0,28.0,0,0,371110,24.15,,True,False
519,1,2,"Angle, Mrs. William A (Florence ""Mary"" Agnes Hughes)",1,36.0,1,0,226875,26.0,,False,True
520,0,3,"Pavlovic, Mr. Stefo",0,32.0,0,0,349242,7.8958,,False,True
521,1,1,"Perreault, Miss. Anne",1,30.0,0,0,12749,93.5,B73,False,True
522,0,3,"Vovk, Mr. Janko",0,22.0,0,0,349252,7.8958,,False,True
523,0,3,"Lahoud, Mr. Sarkis",0,28.0,0,0,2624,7.225,,False,False
524,1,1,"Hippach, Mrs. Louis Albert (Ida Sophia Fischer)",1,44.0,0,1,111361,57.9792,B18,False,False
525,0,3,"Kassem, Mr. Fared",0,28.0,0,0,2700,7.2292,,False,False
526,0,3,"Farrell, Mr. James",0,40.5,0,0,367232,7.75,,True,False
527,1,2,"Ridsdale, Miss. Lucy",1,50.0,0,0,W./C. 14258,10.5,,False,True
528,0,1,"Farthing, Mr. John",0,28.0,0,0,PC 17483,221.7792,C95,False,True
529,0,3,"Salonen, Mr. Johan Werner",0,39.0,0,0,3101296,7.925,,False,True
530,0,2,"Hocking, Mr. Richard George",0,23.0,2,1,29104,11.5,,False,True
531,1,2,"Quick, Miss. Phyllis May",1,2.0,1,1,26360,26.0,,False,True
532,0,3,"Toufik, Mr. Nakli",0,28.0,0,0,2641,7.2292,,False,False
533,0,3,"Elias, Mr. Joseph Jr",0,17.0,1,1,2690,7.2292,,False,False
534,1,3,"Peter, Mrs. Catherine (Catherine Rizk)",1,28.0,0,2,2668,22.3583,,False,False
535,0,3,"Cacic, Miss. Marija",1,30.0,0,0,315084,8.6625,,False,True
536,1,2,"Hart, Miss. Eva Miriam",1,7.0,0,2,F.C.C. 13529,26.25,,False,True
537,0,1,"Butt, Major. Archibald Willingham",0,45.0,0,0,113050,26.55,B38,False,True
538,1,1,"LeRoy, Miss. Bertha",1,30.0,0,0,PC 17761,106.425,,False,False
539,0,3,"Risien, Mr. Samuel Beard",0,28.0,0,0,364498,14.5,,False,True
540,1,1,"Frolicher, Miss. Hedwig Margaritha",1,22.0,0,2,13568,49.5,B39,False,False
541,1,1,"Crosby, Miss. Harriet R",1,36.0,0,2,WE/P 5735,71.0,B22,False,True
542,0,3,"Andersson, Miss. Ingeborg Constanzia",1,9.0,4,2,347082,31.275,,False,True
543,0,3,"Andersson, Miss. Sigrid Elisabeth",1,11.0,4,2,347082,31.275,,False,True
544,1,2,"Beane, Mr. Edward",0,32.0,1,0,2908,26.0,,False,True
545,0,1,"Douglas, Mr. Walter Donald",0,50.0,1,0,PC 17761,106.425,C86,False,False
546,0,1,"Nicholson, Mr. Arthur Ernest",0,64.0,0,0,693,26.0,,False,True
547,1,2,"Beane, Mrs. Edward (Ethel Clarke)",1,19.0,1,0,2908,26.0,,False,True
548,1,2,"Padro y Manent, Mr. Julian",0,28.0,0,0,SC/PARIS 2146,13.8625,,False,False
549,0,3,"Goldsmith, Mr. Frank John",0,33.0,1,1,363291,20.525,,False,True
550,1,2,"Davies, Master. John Morgan Jr",0,8.0,1,1,C.A. 33112,36.75,,False,True
551,1,1,"Thayer, Mr. John Borland Jr",0,17.0,0,2,17421,110.8833,C70,False,False
552,0,2,"Sharp, Mr. Percival James R",0,27.0,0,0,244358,26.0,,False,True
553,0,3,"O'Brien, Mr. Timothy",0,28.0,0,0,330979,7.8292,,True,False
554,1,3,"Leeni, Mr. Fahim (""Philip Zenni"")",0,22.0,0,0,2620,7.225,,False,False
555,1,3,"Ohman, Miss. Velin",1,22.0,0,0,347085,7.775,,False,True
556,0,1,"Wright, Mr. George",0,62.0,0,0,113807,26.55,,False,True
557,1,1,"Duff Gordon, Lady. (Lucille Christiana Sutherland) (""Mrs Morgan"")",1,48.0,1,0,11755,39.6,A16,False,False
558,0,1,"Robbins, Mr. Victor",0,28.0,0,0,PC 17757,227.525,,False,False
559,1,1,"Taussig, Mrs. Emil (Tillie Mandelbaum)",1,39.0,1,1,110413,79.65,E67,False,True
560,1,3,"de Messemaeker, Mrs. Guillaume Joseph (Emma)",1,36.0,1,0,345572,17.4,,False,True
561,0,3,"Morrow, Mr. Thomas Rowan",0,28.0,0,0,372622,7.75,,True,False
562,0,3,"Sivic, Mr. Husein",0,40.0,0,0,349251,7.8958,,False,True
563,0,2,"Norman, Mr. Robert Douglas",0,28.0,0,0,218629,13.5,,False,True
564,0,3,"Simmons, Mr. John",0,28.0,0,0,SOTON/OQ 392082,8.05,,False,True
565,0,3,"Meanwell, Miss. (Marion Ogden)",1,28.0,0,0,SOTON/O.Q. 392087,8.05,,False,True
566,0,3,"Davies, Mr. Alfred J",0,24.0,2,0,A/4 48871,24.15,,False,True
567,0,3,"Stoytcheff, Mr. Ilia",0,19.0,0,0,349205,7.8958,,False,True
568,0,3,"Palsson, Mrs. Nils (Alma Cornelia Berglund)",1,29.0,0,4,349909,21.075,,False,True
569,0,3,"Doharr, Mr. Tannous",0,28.0,0,0,2686,7.2292,,False,False
570,1,3,"Jonsson, Mr. Carl",0,32.0,0,0,350417,7.8542,,False,True
571,1,2,"Harris, Mr. George",0,62.0,0,0,S.W./PP 752,10.5,,False,True
572,1,1,"Appleton, Mrs. Edward Dale (Charlotte Lamson)",1,53.0,2,0,11769,51.4792,C101,False,True
573,1,1,"Flynn, Mr. John Irwin (""Irving"")",0,36.0,0,0,PC 17474,26.3875,E25,False,True
574,1,3,"Kelly, Miss. Mary",1,28.0,0,0,14312,7.75,,True,False
575,0,3,"Rush, Mr. Alfred George John",0,16.0,0,0,A/4. 20589,8.05,,False,True
576,0,3,"Patchett, Mr. George",0,19.0,0,0,358585,14.5,,False,True
577,1,2,"Garside, Miss. Ethel",1,34.0,0,0,243880,13.0,,False,True
578,1,1,"Silvey, Mrs. William Baird (Alice Munger)",1,39.0,1,0,13507,55.9,E44,False,True
579,0,3,"Caram, Mrs. Joseph (Maria Elias)",1,28.0,1,0,2689,14.4583,,False,False
580,1,3,"Jussila, Mr. Eiriik",0,32.0,0,0,STON/O 2. 3101286,7.925,,False,True
581,1,2,"Christy, Miss. Julie Rachel",1,25.0,1,1,237789,30.0,,False,True
582,1,1,"Thayer, Mrs. John Borland (Marian Longstreth Morris)",1,39.0,1,1,17421,110.8833,C68,False,False
583,0,2,"Downton, Mr. William James",0,54.0,0,0,28403,26.0,,False,True
584,0,1,"Ross, Mr. John Hugo",0,36.0,0,0,13049,40.125,A10,False,False
585,0,3,"Paulner, Mr. Uscher",0,28.0,0,0,3411,8.7125,,False,False
586,1,1,"Taussig, Miss. Ruth",1,18.0,0,2,110413,79.65,E68,False,True
587,0,2,"Jarvis, Mr. John Denzil",0,47.0,0,0,237565,15.0,,False,True
588,1,1,"Frolicher-Stehli, Mr. Maxmillian",0,60.0,1,1,13567,79.2,B41,False,False
589,0,3,"Gilinski, Mr. Eliezer",0,22.0,0,0,14973,8.05,,False,True
590,0,3,"Murdlin, Mr. Joseph",0,28.0,0,0,A./5. 3235,8.05,,False,True
591,0,3,"Rintamaki, Mr. Matti",0,35.0,0,0,STON/O 2. 3101273,7.125,,False,True
592,1,1,"Stephenson, Mrs. Walter Bertram (Martha Eustis)",1,52.0,1,0,36947,78.2667,D20,False,False
593,0,3,"Elsbury, Mr. William James",0,47.0,0,0,A/5 3902,7.25,,False,True
594,0,3,"Bourke, Miss. Mary",1,28.0,0,2,364848,7.75,,True,False
595,0,2,"Chapman, Mr. John Henry",0,37.0,1,0,SC/AH 29037,26.0,,False,True
596,0,3,"Van Impe, Mr. Jean Baptiste",0,36.0,1,1,345773,24.15,,False,True
597,1,2,"Leitch, Miss. Jessie Wills",1,28.0,0,0,248727,33.0,,False,True
598,0,3,"Johnson, Mr. Alfred",0,49.0,0,0,LINE,0.0,,False,True
599,0,3,"Boulos, Mr. Hanna",0,28.0,0,0,2664,7.225,,False,False
600,1,1,"Duff Gordon, Sir. Cosmo Edmund (""Mr Morgan"")",0,49.0,1,0,PC 17485,56.9292,A20,False,False
601,1,2,"Jacobsohn, Mrs. Sidney Samuel (Amy Frances Christy)",1,24.0,2,1,243847,27.0,,False,True
602,0,3,"Slabenoff, Mr. Petco",0,28.0,0,0,349214,7.8958,,False,True
603,0,1,"Harrington, Mr. Charles H",0,28.0,0,0,113796,42.4,,False,True
604,0,3,"Torber, Mr. Ernst William",0,44.0,0,0,364511,8.05,,False,True
605,1,1,"Homer, Mr. Harry (""Mr E Haven"")",0,35.0,0,0,111426,26.55,,False,False
606,0,3,"Lindell, Mr. Edvard Bengtsson",0,36.0,1,0,349910,15.55,,False,True
607,0,3,"Karaic, Mr. Milan",0,30.0,0,0,349246,7.8958,,False,True
608,1,1,"Daniel, Mr. Robert Williams",0,27.0,0,0,113804,30.5,,False,True
609,1,2,"Laroche, Mrs. Joseph (Juliette Marie Louise Lafargue)",1,22.0,1,2,SC/Paris 2123,41.5792,,False,False
610,1,1,"Shutes, Miss. Elizabeth W",1,40.0,0,0,PC 17582,153.4625,C125,False,True
611,0,3,"Andersson, Mrs. Anders Johan (Alfrida Konstantia Brogren)",1,39.0,1,5,347082,31.275,,False,True
612,0,3,"Jardin, Mr. Jose Neto",0,28.0,0,0,SOTON/O.Q. 3101305,7.05,,False,True
613,1,3,"Murphy, Miss. Margaret Jane",1,28.0,1,0,367230,15.5,,True,False
614,0,3,"Horgan, Mr. John",0,28.0,0,0,370377,7.75,,True,False
615,0,3,"Brocklebank, Mr. William Alfred",0,35.0,0,0,364512,8.05,,False,True
616,1,2,"Herman, Miss. Alice",1,24.0,1,2,220845,65.0,,False,True
617,0,3,"Danbom, Mr. Ernst Gilbert",0,34.0,1,1,347080,14.4,,False,True
618,0,3,"Lobb, Mrs. William Arthur (Cordelia K Stanlick)",1,26.0,1,0,A/5. 3336,16.1,,False,True
619,1,2,"Becker, Miss. Marion Louise",1,4.0,2,1,230136,39.0,F4,False,True
620,0,2,"Gavey, Mr. Lawrence",0,26.0,0,0,31028,10.5,,False,True
621,0,3,"Yasbeck, Mr. Antoni",0,27.0,1,0,2659,14.4542,,False,False
622,1,1,"Kimball, Mr. Edwin Nelson Jr",0,42.0,1,0,11753,52.5542,D19,False,True
623,1,3,"Nakid, Mr. Sahid",0,20.0,1,1,2653,15.7417,,False,False
624,0,3,"Hansen, Mr. Henry Damsgaard",0,21.0,0,0,350029,7.8542,,False,True
625,0,3,"Bowen, Mr. David John ""Dai""",0,21.0,0,0,54636,16.1,,False,True
626,0,1,"Sutton, Mr. Frederick",0,61.0,0,0,36963,32.3208,D50,False,True
627,0,2,"Kirkland, Rev. Charles Leonard",0,57.0,0,0,219533,12.35,,True,False
628,1,1,"Longley, Miss. Gretchen Fiske",1,21.0,0,0,13502,77.9583,D9,False,True
629,0,3,"Bostandyeff, Mr. Guentcho",0,26.0,0,0,349224,7.8958,,False,True
630,0,3,"O'Connell, Mr. Patrick D",0,28.0,0,0,334912,7.7333,,True,False
631,1,1,"Barkworth, Mr. Algernon Henry Wilson",0,80.0,0,0,27042,30.0,A23,False,True
632,0,3,"Lundahl, Mr. Johan Svensson",0,51.0,0,0,347743,7.0542,,False,True
633,1,1,"Stahelin-Maeglin, Dr. Max",0,32.0,0,0,13214,30.5,B50,False,False
634,0,1,"Parr, Mr. William Henry Marsh",0,28.0,0,0,112052,0.0,,False,True
635,0,3,"Skoog, Miss. Mabel",1,9.0,3,2,347088,27.9,,False,True
636,1,2,"Davis, Miss. Mary",1,28.0,0,0,237668,13.0,,False,True
637,0,3,"Leinonen, Mr. Antti Gustaf",0,32.0,0,0,STON/O 2. 3101292,7.925,,False,True
638,0,2,"Collyer, Mr. Harvey",0,31.0,1,1,C.A. 31921,26.25,,False,True
639,0,3,"Panula, Mrs. Juha (Maria Emilia Ojala)",1,41.0,0,5,3101295,39.6875,,False,True
640,0,3,"Thorneycroft, Mr. Percival",0,28.0,1,0,376564,16.1,,False,True
641,0,3,"Jensen, Mr. Hans Peder",0,20.0,0,0,350050,7.8542,,False,True
642,1,1,"Sagesser, Mlle. Emma",1,24.0,0,0,PC 17477,69.3,B35,False,False
643,0,3,"Skoog, Miss. Margit Elizabeth",1,2.0,3,2,347088,27.9,,False,True
644,1,3,"Foo, Mr. Choong",0,28.0,0,0,1601,56.4958,,False,True
645,1,3,"Baclini, Miss. Eugenie",1,0.75,2,1,2666,19.2583,,False,False
646,1,1,"Harper, Mr. Henry Sleeper",0,48.0,1,0,PC 17572,76.7292,D33,False,False
647,0,3,"Cor, Mr. Liudevit",0,19.0,0,0,349231,7.8958,,False,True
648,1,1,"Simonius-Blumer, Col. Oberst Alfons",0,56.0,0,0,13213,35.5,A26,False,False
649,0,3,"Willey, Mr. Edward",0,28.0,0,0,S.O./P.P. 751,7.55,,False,True
650,1,3,"Stanley, Miss. Amy Zillah Elsie",1,23.0,0,0,CA. 2314,7.55,,False,True
651,0,3,"Mitkoff, Mr. Mito",0,28.0,0,0,349221,7.8958,,False,True
652,1,2,"Doling, Miss. Elsie",1,18.0,0,1,231919,23.0,,False,True
653,0,3,"Kalvik, Mr. Johannes Halvorsen",0,21.0,0,0,8475,8.4333,,False,True
654,1,3,"O'Leary, Miss. Hanora ""Norah""",1,28.0,0,0,330919,7.8292,,True,False
655,0,3,"Hegarty, Miss. Hanora ""Nora""",1,18.0,0,0,365226,6.75,,True,False
656,0,2,"Hickman, Mr. Leonard Mark",0,24.0,2,0,S.O.C. 14879,73.5,,False,True
657,0,3,"Radeff, Mr. Alexander",0,28.0,0,0,349223,7.8958,,False,True
658,0,3,"Bourke, Mrs. John (Catherine)",1,32.0,1,1,364849,15.5,,True,False
659,0,2,"Eitemiller, Mr. George Floyd",0,23.0,0,0,29751,13.0,,False,True
660,0,1,"Newell, Mr. Arthur Webster",0,58.0,0,2,35273,113.275,D48,False,False
661,1,1,"Frauenthal, Dr. Henry William",0,50.0,2,0,PC 17611,133.65,,False,True
662,0,3,"Badt, Mr. Mohamed",0,40.0,0,0,2623,7.225,,False,False
663,0,1,"Colley, Mr. Edward Pomeroy",0,47.0,0,0,5727,25.5875,E58,False,True
664,0,3,"Coleff, Mr. Peju",0,36.0,0,0,349210,7.4958,,False,True
665,1,3,"Lindqvist, Mr. Eino William",0,20.0,1,0,STON/O 2. 3101285,7.925,,False,True
666,0,2,"Hickman, Mr. Lewis",0,32.0,2,0,S.O.C. 14879,73.5,,False,True
667,0,2,"Butler, Mr. Reginald Fenton",0,25.0,0,0,234686,13.0,,False,True
668,0,3,"Rommetvedt, Mr. Knud Paust",0,28.0,0,0,312993,7.775,,False,True
669,0,3,"Cook, Mr. Jacob",0,43.0,0,0,A/5 3536,8.05,,False,True
670,1,1,"Taylor, Mrs. Elmer Zebley (Juliet Cummins Wright)",1,28.0,1,0,19996,52.0,C126,False,True
671,1,2,"Brown, Mrs. Thomas William Solomon (Elizabeth Catherine Ford)",1,40.0,1,1,29750,39.0,,False,True
672,0,1,"Davidson, Mr. Thornton",0,31.0,1,0,F.C. 12750,52.0,B71,False,True
673,0,2,"Mitchell, Mr. Henry Michael",0,70.0,0,0,C.A. 24580,10.5,,False,True
674,1,2,"Wilhelms, Mr. Charles",0,31.0,0,0,244270,13.0,,False,True
675,0,2,"Watson, Mr. Ennis Hastings",0,28.0,0,0,239856,0.0,,False,True
676,0,3,"Edvardsson, Mr. Gustaf Hjalmar",0,18.0,0,0,349912,7.775,,False,True
677,0,3,"Sawyer, Mr. Frederick Charles",0,24.5,0,0,342826,8.05,,False,True
678,1,3,"Turja, Miss. Anna Sofia",1,18.0,0,0,4138,9.8417,,False,True
679,0,3,"Goodwin, Mrs. Frederick (Augusta Tyler)",1,43.0,1,6,CA 2144,46.9,,False,True
680,1,1,"Cardeza, Mr. Thomas Drake Martinez",0,36.0,0,1,PC 17755,512.3292,B51 B53 B55,False,False
681,0,3,"Peters, Miss. Katie",1,28.0,0,0,330935,8.1375,,True,False
682,1,1,"Hassab, Mr. Hammad",0,27.0,0,0,PC 17572,76.7292,D49,False,False
683,0,3,"Olsvigen, Mr. Thor Anderson",0,20.0,0,0,6563,9.225,,False,True
684,0,3,"Goodwin, Mr. Charles Edward",0,14.0,5,2,CA 2144,46.9,,False,True
685,0,2,"Brown, Mr. Thomas William Solomon",0,60.0,1,1,29750,39.0,,False,True
686,0,2,"Laroche, Mr. Joseph Philippe Lemercier",0,25.0,1,2,SC/Paris 2123,41.5792,,False,False
687,0,3,"Panula, Mr. Jaako Arnold",0,14.0,4,1,3101295,39.6875,,False,True
688,0,3,"Dakic, Mr. Branko",0,19.0,0,0,349228,10.1708,,False,True
689,0,3,"Fischer, Mr. Eberhard Thelander",0,18.0,0,0,350036,7.7958,,False,True
690,1,1,"Madill, Miss. Georgette Alexandra",1,15.0,0,1,24160,211.3375,B5,False,True
691,1,1,"Dick, Mr. Albert Adrian",0,31.0,1,0,17474,57.0,B20,False,True
692,1,3,"Karun, Miss. Manca",1,4.0,0,1,349256,13.4167,,False,False
693,1,3,"Lam, Mr. Ali",0,28.0,0,0,1601,56.4958,,False,True
694,0,3,"Saad, Mr. Khalil",0,25.0,0,0,2672,7.225,,False,False
695,0,1,"Weir, Col. John",0,60.0,0,0,113800,26.55,,False,True
696,0,2,"Chapman, Mr. Charles Henry",0,52.0,0,0,248731,13.5,,False,True
697,0,3,"Kelly, Mr. James",0,44.0,0,0,363592,8.05,,False,True
698,1,3,"Mullens, Miss. Katherine ""Katie""",1,28.0,0,0,35852,7.7333,,True,False
699,0,1,"Thayer, Mr. John Borland",0,49.0,1,1,17421,110.8833,C68,False,False
700,0,3,"Humblen, Mr. Adolf Mathias Nicolai Olsen",0,42.0,0,0,348121,7.65,F G63,False,True
701,1,1,"Astor, Mrs. John Jacob (Madeleine Talmadge Force)",1,18.0,1,0,PC 17757,227.525,C62 C64,False,False
702,1,1,"Silverthorne, Mr. Spencer Victor",0,35.0,0,0,PC 17475,26.2875,E24,False,True
703,0,3,"Barbara, Miss. Saiide",1,18.0,0,1,2691,14.4542,,False,False
704,0,3,"Gallagher, Mr. Martin",0,25.0,0,0,36864,7.7417,,True,False
705,0,3,"Hansen, Mr. Henrik Juul",0,26.0,1,0,350025,7.8542,,False,True
706,0,2,"Morley, Mr. Henry Samuel (""Mr Henry Marshall"")",0,39.0,0,0,250655,26.0,,False,True
707,1,2,"Kelly, Mrs. Florence ""Fannie""",1,45.0,0,0,223596,13.5,,False,True
708,1,1,"Calderhead, Mr. Edward Pennington",0,42.0,0,0,PC 17476,26.2875,E24,False,True
709,1,1,"Cleaver, Miss. Alice",1,22.0,0,0,113781,151.55,,False,True
710,1,3,"Moubarek, Master. Halim Gonios (""William George"")",0,28.0,1,1,2661,15.2458,,False,False
711,1,1,"Mayne, Mlle. Berthe Antonine (""Mrs de Villiers"")",1,24.0,0,0,PC 17482,49.5042,C90,False,False
712,0,1,"Klaber, Mr. Herman",0,28.0,0,0,113028,26.55,C124,False,True
713,1,1,"Taylor, Mr. Elmer Zebley",0,48.0,1,0,19996,52.0,C126,False,True
714,0,3,"Larsson, Mr. August Viktor",0,29.0,0,0,7545,9.4833,,False,True
715,0,2,"Greenberg, Mr. Samuel",0,52.0,0,0,250647,13.0,,False,True
716,0,3,"Soholt, Mr. Peter Andreas Lauritz Andersen",0,19.0,0,0,348124,7.65,F G73,False,True
717,1,1,"Endres, Miss. Caroline Louise",1,38.0,0,0,PC 17757,227.525,C45,False,False
718,1,2,"Troutt, Miss. Edwina Celia ""Winnie""",1,27.0,0,0,34218,10.5,E101,False,True
719,0,3,"McEvoy, Mr. Michael",0,28.0,0,0,36568,15.5,,True,False
720,0,3,"Johnson, Mr. Malkolm Joackim",0,33.0,0,0,347062,7.775,,False,True
721,1,2,"Harper, Miss. Annie Jessie ""Nina""",1,6.0,0,1,248727,33.0,,False,True
722,0,3,"Jensen, Mr. Svend Lauritz",0,17.0,1,0,350048,7.0542,,False,True
723,0,2,"Gillespie, Mr. William Henry",0,34.0,0,0,12233,13.0,,False,True
724,0,2,"Hodges, Mr. Henry Price",0,50.0,0,0,250643,13.0,,False,True
725,1,1,"Chambers, Mr. Norman Campbell",0,27.0,1,0,113806,53.1,E8,False,True
726,0,3,"Oreskovic, Mr. Luka",0,20.0,0,0,315094,8.6625,,False,True
727,1,2,"Renouf, Mrs. Peter Henry (Lillian Jefferys)",1,30.0,3,0,31027,21.0,,False,True
728,1,3,"Mannion, Miss. Margareth",1,28.0,0,0,36866,7.7375,,True,False
729,0,2,"Bryhl, Mr. Kurt Arnold Gottfrid",0,25.0,1,0,236853,26.0,,False,True
730,0,3,"Ilmakangas, Miss. Pieta Sofia",1,25.0,1,0,STON/O2. 3101271,7.925,,False,True
731,1,1,"Allen, Miss. Elisabeth Walton",1,29.0,0,0,24160,211.3375,B5,False,True
732,0,3,"Hassan, Mr. Houssein G N",0,11.0,0,0,2699,18.7875,,False,False
733,0,2,"Knight, Mr. Robert J",0,28.0,0,0,239855,0.0,,False,True
734,0,2,"Berriman, Mr. William John",0,23.0,0,0,28425,13.0,,False,True
735,0,2,"Troupiansky, Mr. Moses Aaron",0,23.0,0,0,233639,13.0,,False,True
736,0,3,"Williams, Mr. Leslie",0,28.5,0,0,54636,16.1,,False,True
737,0,3,"Ford, Mrs. Edward (Margaret Ann Watson)",1,48.0,1,3,W./C. 6608,34.375,,False,True
738,1,1,"Lesurer, Mr. Gustave J",0,35.0,0,0,PC 17755,512.3292,B101,False,False
739,0,3,"Ivanoff, Mr. Kanio",0,28.0,0,0,349201,7.8958,,False,True
740,0,3,"Nankoff, Mr. Minko",0,28.0,0,0,349218,7.8958,,False,True
741,1,1,"Hawksford, Mr. Walter James",0,28.0,0,0,16988,30.0,D45,False,True
742,0,1,"Cavendish, Mr. Tyrell William",0,36.0,1,0,19877,78.85,C46,False,True
743,1,1,"Ryerson, Miss. Susan Parker ""Suzette""",1,21.0,2,2,PC 17608,262.375,B57 B59 B63 B66,False,False
744,0,3,"McNamee, Mr. Neal",0,24.0,1,0,376566,16.1,,False,True
745,1,3,"Stranden, Mr. Juho",0,31.0,0,0,STON/O 2. 3101288,7.925,,False,True
746,0,1,"Crosby, Capt. Edward Gifford",0,70.0,1,1,WE/P 5735,71.0,B22,False,True
747,0,3,"Abbott, Mr. Rossmore Edward",0,16.0,1,1,C.A. 2673,20.25,,False,True
748,1,2,"Sinkkonen, Miss. Anna",1,30.0,0,0,250648,13.0,,False,True
749,0,1,"Marvin, Mr. Daniel Warner",0,19.0,1,0,113773,53.1,D30,False,True
750,0,3,"Connaghton, Mr. Michael",0,31.0,0,0,335097,7.75,,True,False
751,1,2,"Wells, Miss. Joan",1,4.0,1,1,29103,23.0,,False,True
752,1,3,"Moor, Master. Meier",0,6.0,0,1,392096,12.475,E121,False,True
753,0,3,"Vande Velde, Mr. Johannes Joseph",0,33.0,0,0,345780,9.5,,False,True
754,0,3,"Jonkoff, Mr. Lalio",0,23.0,0,0,349204,7.8958,,False,True
755,1,2,"Herman, Mrs. Samuel (Jane Laver)",1,48.0,1,2,220845,65.0,,False,True
756,1,2,"Hamalainen, Master. Viljo",0,0.67,1,1,250649,14.5,,False,True
757,0,3,"Carlsson, Mr. August Sigfrid",0,28.0,0,0,350042,7.7958,,False,True
758,0,2,"Bailey, Mr. Percy Andrew",0,18.0,0,0,29108,11.5,,False,True
759,0,3,"Theobald, Mr. Thomas Leonard",0,34.0,0,0,363294,8.05,,False,True
760,1,1,"Rothes, the Countess. of (Lucy Noel Martha Dyer-Edwards)",1,33.0,0,0,110152,86.5,B77,False,True
761,0,3,"Garfirth, Mr. John",0,28.0,0,0,358585,14.5,,False,True
762,0,3,"Nirva, Mr. Iisakki Antino Aijo",0,41.0,0,0,SOTON/O2 3101272,7.125,,False,True
763,1,3,"Barah, Mr. Hanna Assi",0,20.0,0,0,2663,7.2292,,False,False
764,1,1,"Carter, Mrs. William Ernest (Lucile Polk)",1,36.0,1,2,113760,120.0,B96 B98,False,True
765,0,3,"Eklund, Mr. Hans Linus",0,16.0,0,0,347074,7.775,,False,True
766,1,1,"Hogeboom, Mrs. John C (Anna Andrews)",1,51.0,1,0,13502,77.9583,D11,False,True
767,0,1,"Brewe, Dr. Arthur Jackson",0,28.0,0,0,112379,39.6,,False,False
768,0,3,"Mangan, Miss. Mary",1,30.5,0,0,364850,7.75,,True,False
769,0,3,"Moran, Mr. Daniel J",0,28.0,1,0,371110,24.15,,True,False
770,0,3,"Gronnestad, Mr. Daniel Danielsen",0,32.0,0,0,8471,8.3625,,False,True
771,0,3,"Lievens, Mr. Rene Aime",0,24.0,0,0,345781,9.5,,False,True
772,0,3,"Jensen, Mr. Niels Peder",0,48.0,0,0,350047,7.8542,,False,True
773,0,2,"Mack, Mrs. (Mary)",1,57.0,0,0,S.O./P.P. 3,10.5,E77,False,True
774,0,3,"Elias, Mr. Dibo",0,28.0,0,0,2674,7.225,,False,False
775,1,2,"Hocking, Mrs. Elizabeth (Eliza Needs)",1,54.0,1,3,29105,23.0,,False,True
776,0,3,"Myhrman, Mr. Pehr Fabian Oliver Malkolm",0,18.0,0,0,347078,7.75,,False,True
777,0,3,"Tobin, Mr. Roger",0,28.0,0,0,383121,7.75,F38,True,False
778,1,3,"Emanuel, Miss. Virginia Ethel",1,5.0,0,0,364516,12.475,,False,True
779,0,3,"Kilgannon, Mr. Thomas J",0,28.0,0,0,36865,7.7375,,True,False
780,1,1,"Robert, Mrs. Edward Scott (Elisabeth Walton McMillan)",1,43.0,0,1,24160,211.3375,B3,False,True
781,1,3,"Ayoub, Miss. Banoura",1,13.0,0,0,2687,7.2292,,False,False
782,1,1,"Dick, Mrs. Albert Adrian (Vera Gillespie)",1,17.0,1,0,17474,57.0,B20,False,True
783,0,1,"Long, Mr. Milton Clyde",0,29.0,0,0,113501,30.0,D6,False,True
784,0,3,"Johnston, Mr. Andrew G",0,28.0,1,2,W./C. 6607,23.45,,False,True
785,0,3,"Ali, Mr. William",0,25.0,0,0,SOTON/O.Q. 3101312,7.05,,False,True
786,0,3,"Harmer, Mr. Abraham (David Lishin)",0,25.0,0,0,374887,7.25,,False,True
787,1,3,"Sjoblom, Miss. Anna Sofia",1,18.0,0,0,3101265,7.4958,,False,True
788,0,3,"Rice, Master. George Hugh",0,8.0,4,1,382652,29.125,,True,False
789,1,3,"Dean, Master. Bertram Vere",0,1.0,1,2,C.A. 2315,20.575,,False,True
790,0,1,"Guggenheim, Mr. Benjamin",0,46.0,0,0,PC 17593,79.2,B82 B84,False,False
791,0,3,"Keane, Mr. Andrew ""Andy""",0,28.0,0,0,12460,7.75,,True,False
792,0,2,"Gaskell, Mr. Alfred",0,16.0,0,0,239865,26.0,,False,True
793,0,3,"Sage, Miss. Stella Anna",1,28.0,8,2,CA. 2343,69.55,,False,True
794,0,1,"Hoyt, Mr. William Fisher",0,28.0,0,0,PC 17600,30.6958,,False,False
795,0,3,"Dantcheff, Mr. Ristiu",0,25.0,0,0,349203,7.8958,,False,True
796,0,2,"Otter, Mr. Richard",0,39.0,0,0,28213,13.0,,False,True
797,1,1,"Leader, Dr. Alice (Farnham)",1,49.0,0,0,17465,25.9292,D17,False,True
798,1,3,"Osman, Mrs. Mara",1,31.0,0,0,349244,8.6833,,False,True
799,0,3,"Ibrahim Shawah, Mr. Yousseff",0,30.0,0,0,2685,7.2292,,False,False
800,0,3,"Van Impe, Mrs. Jean Baptiste (Rosalie Paula Govaert)",1,30.0,1,1,345773,24.15,,False,True
801,0,2,"Ponesell, Mr. Martin",0,34.0,0,0,250647,13.0,,False,True
802,1,2,"Collyer, Mrs. Harvey (Charlotte Annie Tate)",1,31.0,1,1,C.A. 31921,26.25,,False,True
803,1,1,"Carter, Master. William Thornton II",0,11.0,1,2,113760,120.0,B96 B98,False,True
804,1,3,"Thomas, Master. Assad Alexander",0,0.42,0,1,2625,8.5167,,False,False
805,1,3,"Hedman, Mr. Oskar Arvid",0,27.0,0,0,347089,6.975,,False,True
806,0,3,"Johansson, Mr. Karl Johan",0,31.0,0,0,347063,7.775,,False,True
807,0,1,"Andrews, Mr. Thomas Jr",0,39.0,0,0,112050,0.0,A36,False,True
808,0,3,"Pettersson, Miss. Ellen Natalia",1,18.0,0,0,347087,7.775,,False,True
809,0,2,"Meyer, Mr. August",0,39.0,0,0,248723,13.0,,False,True
810,1,1,"Chambers, Mrs. Norman Campbell (Bertha Griggs)",1,33.0,1,0,113806,53.1,E8,False,True
811,0,3,"Alexander, Mr. William",0,26.0,0,0,3474,7.8875,,False,True
812,0,3,"Lester, Mr. James",0,39.0,0,0,A/4 48871,24.15,,False,True
813,0,2,"Slemen, Mr. Richard James",0,35.0,0,0,28206,10.5,,False,True
814,0,3,"Andersson, Miss. Ebba Iris Alfrida",1,6.0,4,2,347082,31.275,,False,True
815,0,3,"Tomlin, Mr. Ernest Portage",0,30.5,0,0,364499,8.05,,False,True
816,0,1,"Fry, Mr. Richard",0,28.0,0,0,112058,0.0,B102,False,True
817,0,3,"Heininen, Miss. Wendla Maria",1,23.0,0,0,STON/O2. 3101290,7.925,,False,True
818,0,2,"Mallet, Mr. Albert",0,31.0,1,1,S.C./PARIS 2079,37.0042,,False,False
819,0,3,"Holm, Mr. John Fredrik Alexander",0,43.0,0,0,C 7075,6.45,,False,True
820,0,3,"Skoog, Master. Karl Thorsten",0,10.0,3,2,347088,27.9,,False,True
821,1,1,"Hays, Mrs. Charles Melville (Clara Jennings Gregg)",1,52.0,1,1,12749,93.5,B69,False,True
822,1,3,"Lulic, Mr. Nikola",0,27.0,0,0,315098,8.6625,,False,True
823,0,1,"Reuchlin, Jonkheer. John George",0,38.0,0,0,19972,0.0,,False,True
824,1,3,"Moor, Mrs. (Beila)",1,27.0,0,1,392096,12.475,E121,False,True
825,0,3,"Panula, Master. Urho Abraham",0,2.0,4,1,3101295,39.6875,,False,True
826,0,3,"Flynn, Mr. John",0,28.0,0,0,368323,6.95,,True,False
827,0,3,"Lam, Mr. Len",0,28.0,0,0,1601,56.4958,,False,True
828,1,2,"Mallet, Master. Andre",0,1.0,0,2,S.C./PARIS 2079,37.0042,,False,False
829,1,3,"McCormack, Mr. Thomas Joseph",0,28.0,0,0,367228,7.75,,True,False
830,1,1,"Stone, Mrs. George Nelson (Martha Evelyn)",1,62.0,0,0,113572,80.0,B28,False,True
831,1,3,"Yasbeck, Mrs. Antoni (Selini Alexander)",1,15.0,1,0,2659,14.4542,,False,False
832,1,2,"Richards, Master. George Sibley",0,0.83,1,1,29106,18.75,,False,True
833,0,3,"Saad, Mr. Amin",0,28.0,0,0,2671,7.2292,,False,False
834,0,3,"Augustsson, Mr. Albert",0,23.0,0,0,347468,7.8542,,False,True
835,0,3,"Allum, Mr. Owen George",0,18.0,0,0,2223,8.3,,False,True
836,1,1,"Compton, Miss. Sara Rebecca",1,39.0,1,1,PC 17756,83.1583,E49,False,False
837,0,3,"Pasic, Mr. Jakob",0,21.0,0,0,315097,8.6625,,False,True
838,0,3,"Sirota, Mr. Maurice",0,28.0,0,0,392092,8.05,,False,True
839,1,3,"Chip, Mr. Chang",0,32.0,0,0,1601,56.4958,,False,True
840,1,1,"Marechal, Mr. Pierre",0,28.0,0,0,11774,29.7,C47,False,False
841,0,3,"Alhomaki, Mr. Ilmari Rudolf",0,20.0,0,0,SOTON/O2 3101287,7.925,,False,True
842,0,2,"Mudd, Mr. Thomas Charles",0,16.0,0,0,S.O./P.P. 3,10.5,,False,True
843,1,1,"Serepeca, Miss. Augusta",1,30.0,0,0,113798,31.0,,False,False
844,0,3,"Lemberopolous, Mr. Peter L",0,34.5,0,0,2683,6.4375,,False,False
845,0,3,"Culumovic, Mr. Jeso",0,17.0,0,0,315090,8.6625,,False,True
846,0,3,"Abbing, Mr. Anthony",0,42.0,0,0,C.A. 5547,7.55,,False,True
847,0,3,"Sage, Mr. Douglas Bullen",0,28.0,8,2,CA. 2343,69.55,,False,True
848,0,3,"Markoff, Mr. Marin",0,35.0,0,0,349213,7.8958,,False,False
849,0,2,"Harper, Rev. John",0,28.0,0,1,248727,33.0,,False,True
850,1,1,"Goldenberg, Mrs. Samuel L (Edwiga Grabowska)",1,28.0,1,0,17453,89.1042,C92,False,False
851,0,3,"Andersson, Master. Sigvard Harald Elias",0,4.0,4,2,347082,31.275,,False,True
852,0,3,"Svensson, Mr. Johan",0,74.0,0,0,347060,7.775,,False,True
853,0,3,"Boulos, Miss. Nourelain",1,9.0,1,1,2678,15.2458,,False,False
854,1,1,"Lines, Miss. Mary Conover",1,16.0,0,1,PC 17592,39.4,D28,False,True
855,0,2,"Carter, Mrs. Ernest Courtenay (Lilian Hughes)",1,44.0,1,0,244252,26.0,,False,True
856,1,3,"Aks, Mrs. Sam (Leah Rosen)",1,18.0,0,1,392091,9.35,,False,True
857,1,1,"Wick, Mrs. George Dennick (Mary Hitchcock)",1,45.0,1,1,36928,164.8667,,False,True
858,1,1,"Daly, Mr. Peter Denis ",0,51.0,0,0,113055,26.55,E17,False,True
859,1,3,"Baclini, Mrs. Solomon (Latifa Qurban)",1,24.0,0,3,2666,19.2583,,False,False
860,0,3,"Razi, Mr. Raihed",0,28.0,0,0,2629,7.2292,,False,False
861,0,3,"Hansen, Mr. Claus Peter",0,41.0,2,0,350026,14.1083,,False,True
862,0,2,"Giles, Mr. Frederick Edward",0,21.0,1,0,28134,11.5,,False,True
863,1,1,"Swift, Mrs. Frederick Joel (Margaret Welles Barron)",1,48.0,0,0,17466,25.9292,D17,False,True
864,0,3,"Sage, Miss. Dorothy Edith ""Dolly""",1,28.0,8,2,CA. 2343,69.55,,False,True
865,0,2,"Gill, Mr. John William",0,24.0,0,0,233866,13.0,,False,True
866,1,2,"Bystrom, Mrs. (Karolina)",1,42.0,0,0,236852,13.0,,False,True
867,1,2,"Duran y More, Miss. Asuncion",1,27.0,1,0,SC/PARIS 2149,13.8583,,False,False
868,0,1,"Roebling, Mr. Washington Augustus II",0,31.0,0,0,PC 17590,50.4958,A24,False,True
869,0,3,"van Melkebeke, Mr. Philemon",0,28.0,0,0,345777,9.5,,False,True
870,1,3,"Johnson, Master. Harold Theodor",0,4.0,1,1,347742,11.1333,,False,True
871,0,3,"Balkic, Mr. Cerin",0,26.0,0,0,349248,7.8958,,False,True
872,1,1,"Beckwith, Mrs. Richard Leonard (Sallie Monypeny)",1,47.0,1,1,11751,52.5542,D35,False,True
873,0,1,"Carlsson, Mr. Frans Olof",0,33.0,0,0,695,5.0,B51 B53 B55,False,True
874,0,3,"Vander Cruyssen, Mr. Victor",0,47.0,0,0,345765,9.0,,False,True
875,1,2,"Abelson, Mrs. Samuel (Hannah Wizosky)",1,28.0,1,0,P/PP 3381,24.0,,False,False
876,1,3,"Najib, Miss. Adele Kiamie ""Jane""",1,15.0,0,0,2667,7.225,,False,False
877,0,3,"Gustafsson, Mr. Alfred Ossian",0,20.0,0,0,7534,9.8458,,False,True
878,0,3,"Petroff, Mr. Nedelio",0,19.0,0,0,349212,7.8958,,False,True
879,0,3,"Laleff, Mr. Kristo",0,28.0,0,0,349217,7.8958,,False,True
880,1,1,"Potter, Mrs. Thomas Jr (Lily Alexenia Wilson)",1,56.0,0,1,11767,83.1583,C50,False,False
881,1,2,"Shelley, Mrs. William (Imanita Parrish Hall)",1,25.0,0,1,230433,26.0,,False,True
882,0,3,"Markun, Mr. Johann",0,33.0,0,0,349257,7.8958,,False,True
883,0,3,"Dahlberg, Miss. Gerda Ulrika",1,22.0,0,0,7552,10.5167,,False,True
884,0,2,"Banfield, Mr. Frederick James",0,28.0,0,0,C.A./SOTON 34068,10.5,,False,True
885,0,3,"Sutehall, Mr. Henry Jr",0,25.0,0,0,SOTON/OQ 392076,7.05,,False,True
886,0,3,"Rice, Mrs. William (Margaret Norton)",1,39.0,0,5,382652,29.125,,True,False
887,0,2,"Montvila, Rev. Juozas",0,27.0,0,0,211536,13.0,,False,True
888,1,1,"Graham, Miss. Margaret Edith",1,19.0,0,0,112053,30.0,B42,False,True
889,0,3,"Johnston, Miss. Catherine Helen ""Carrie""",1,28.0,1,2,W./C. 6607,23.45,,False,True
890,1,1,"Behr, Mr. Karl Howell",0,26.0,0,0,111369,30.0,C148,False,False
891,0,3,"Dooley, Mr. Patrick",0,32.0,0,0,370376,7.75,,True,False
